licensePlateID;registrationID;manufacturer;name;birthDate;face;phoneNumber;hasArrestWarrant
TREY48;z50q6zmgth;MAZDA;Archie Wade;1990-07-01;CFFAEFEAAACCCCC;0171 1712130581;no
F6J1W3;glol9fy7zz;MERCEDES-BENZ;Fannie Manning;1950-06-11;FEECEFCACFEECCA;0151 1702066151;no
W3ZJ9Q;hkvlgeaq93;JAGUAR;Wilbur Ward;1982-11-08;CFECAFCFCEEACEA;0178 3161979071;no
RNH731;6afwib6x3t;BWM;Kimberly Padilla;1955-08-30;CFCFCFCCEFFEAAE;0178 7241409080;no
EEQ22M;10w896vv39;TESLA;Leona Watts;1956-12-20;ECCEACEAAEFAFEE;0151 9610354287;no
H4E0Q5;5t7wp6acbx;PORSCHE;Rosemarie Jimenez;1971-06-23;EAFCCAEACFAFCCA;0171 6587751846;no
KHV2ZE;cwt9hndw6d;ASTON MARTIN;Jared Walsh;1965-01-06;AFFFAEFAEFCFEFF;0151 8849361774;no
4JXLTA;4sonbls3i0;BWM;Nick Wheeler;1998-11-07;AEEAEEFAEAFCFCC;0160 3749245672;no
IXFMGI;vl2abvrfkb;BWM;George Townsend;1965-12-12;CEFEAAEAEFCEFFA;0170 4222672462;no
XPYY0F;at94lwy87k;MERCEDES-BENZ;Clarence Hammond;1953-04-21;AEAFCECAFFCFCCA;0178 6577554946;no
R3C5M3;zh6t22u93x;HONDA;Sheldon Swanson;1960-07-03;EFFEFCAACFFCEAC;0173 6276640729;no
VMMVPF;m7h2yqs1ek;JAGUAR;Eric Diaz;1971-05-29;CAEEFFFFEAFCFEC;0160 5321244554;no
1J6TPW;w0koscbf9b;VOLKSWAGEN;Kristina Copeland;1983-11-16;AFEFEFEFEEFCFFF;0162 3872171855;no
5N96CW;ch46kqlzlk;MERCEDES-BENZ;Laurie Cummings;1964-07-20;CAEAAFEFAEAEEAF;0160 1296630395;no
KLHVN5;pcf01dih2n;HONDA;Todd Mcguire;1950-02-20;EAEAAECEAEFAACE;0160 3717265716;no
R3IVY2;ccqog8b213;JAGUAR;Emmett Cole;1956-05-08;FFCCFECAAAEACEC;0160 6827715746;no
M47NU1;88kf36jl77;ASTON MARTIN;Terrence Hoffman;1995-08-22;AEEFFFECEAFCEEA;0178 1210301289;no
PBR0MK;a5js34k85q;LEXUS;Sandra Stanley;1968-10-30;AFFAAEAEFACEAEA;0177 4964004701;no
LV1MPR;hsysp3hh10;AUDI;Eileen Luna;1953-10-18;EAFEECECFFFAECA;0160 8767762051;no
MZXEZG;3qk2wl72kr;TESLA;Elias Carlson;1964-05-07;FFAECAAECECCFAF;0171 4342015997;no
PA6ILC;afmiz4w3fi;LEXUS;Denise Bowman;1976-07-04;FAACCCEEACEEEFA;0178 5992006474;no
72RRI3;d1a9d05y7l;MERCEDES-BENZ;Brent Parsons;1957-08-10;AAFAACFACEFCCEE;0178 2678058600;no
RLQ0HP;vo5n328jm7;MAZDA;Jessica Hart;1952-07-26;AAFCCECECECACEC;0173 1765275177;no
IMOTDK;1oz47cc7bh;TOYOTA;Roger Ferguson;1991-06-12;AAAFFCAEECEAFFF;0175 1131280620;no
ZEYSCG;wngdqk6lrp;PORSCHE;Nellie Nash;1967-11-18;FCFCCACFAAAAACA;0162 2721751618;no
O86K1L;xg2u47szjp;TESLA;Louis Brewer;1979-01-13;EFCEAFEFACAFFEA;0175 9578790172;no
PDYHAS;84jyk40155;MERCEDES-BENZ;Irvin Holland;1958-06-10;AEFCAACCFAFAAEE;0160 3772979695;no
EXD7VE;nx0gm1r5em;HONDA;Leo Alvarado;1960-12-01;FCAEEEEAFEFAACA;0171 1766353537;no
BGDXW6;ns9smbybv9;TOYOTA;Ernesto Bass;1958-06-22;FEACCCAFAAAFFEE;0177 8378562322;no
QF4N6Q;jcjrjvualp;MAZDA;Bernadette Sandoval;1987-06-12;CFEACFCECEACEFE;0178 2668223365;no
REKYKC;0szlj8vf65;JAGUAR;Maxine Sullivan;1953-11-02;ECFAFAEAAEAEEAE;0173 6173741884;no
GV4ZP6;20l3t37b1y;ASTON MARTIN;Gregory Holmes;1955-09-07;AAFFCEFECEECEEA;0151 1761353105;no
IJO2H0;j4i3n41hch;PORSCHE;Josh Ray;2000-07-29;ACCCEAFFFECCCEE;0179 4480358685;no
Q7C597;qoslqckh8i;HONDA;Jeannette Lucas;1990-12-08;ECFAEFACAEECAFF;0170 5933537512;no
QVTNQ6;nr7tglj4r1;VOLKSWAGEN;Kellie Johnston;1970-01-07;FEEEFCFEAEAFCEC;0171 8137370580;no
ZFQDN4;gopgxga34f;HONDA;Bridget May;1977-05-25;EAFCAEAAECCFACE;0171 9923414693;no
LCRFT8;4y1muv59ji;LEXUS;Shannon Singleton;1950-10-09;AFCCAAAFECFAAEC;0162 4574314905;no
FW8ZUC;xbsh8gvwam;JAGUAR;Isabel Barker;1972-05-03;CAEECECFCFAEECA;0177 4981040554;no
9D9UIN;d3xdlq0uy0;ASTON MARTIN;Claire Silva;1995-09-04;FCAEECACCFAECEA;0175 8872003008;no
IXUHD5;g2ioxg6ydw;PORSCHE;Lance Cannon;1984-06-10;FAFCEACCAFFFECF;0179 7860202558;no
QX4CSG;krkngoza71;BWM;Marianne Moore;1960-06-30;EFACFEEAACCEACA;0162 1482294487;no
GMT0W2;c3p0ksvn8k;BWM;Kelly Joseph;1958-02-26;FEFAFFACEEFCAFF;0177 3014305004;no
3ON0X6;rdfpaaqt3c;ASTON MARTIN;Maureen Park;1978-07-21;ACAAAFAFAACAECA;0175 7609961846;no
USFIIV;q824egy290;MAZDA;Wendy Hicks;2000-02-09;EEFEACEEEEECFFE;0177 1361918239;no
DJ8JUQ;s8e6rwdpkd;HONDA;Marlene Payne;1997-05-13;FFEEFCACAAACCEE;0151 4892479333;no
5EIGM0;fdp4vkebj4;MAZDA;Paulette Richards;1960-09-02;CAAFFACFFAFFFAF;0162 2258499217;no
VW38GP;7b30r0kuef;ASTON MARTIN;Gwen Houston;1976-09-28;ACFEFCAEAFCFCAE;0170 4876951845;no
CN7JYP;mgzqtabjlt;JAGUAR;Clark Graham;1958-08-14;CFCEEFFAEACEFFF;0160 1724540695;no
RS58OD;yqs2p7o00j;MERCEDES-BENZ;Gwendolyn Warner;1963-09-12;EAEAEAFAFACFACF;0151 5162799596;no
HR2NO6;o8y541how2;ASTON MARTIN;Kristen Butler;1977-03-01;FCCAECFCAFFCAAE;0170 5060253906;no
WOOONV;cjo91clg8g;ASTON MARTIN;Cecelia Mcbride;1985-08-02;ACCFECFCAAAEEFE;0179 7518747889;no
KA1KOW;6duk6679mu;TOYOTA;Lydia Gordon;1960-11-15;CFEEAEAEFAEACAC;0160 5615558027;no
AZ1MWI;3tn69lvley;MAZDA;Dominick Martinez;1956-05-02;EFCAFEFEEACFCEC;0175 2593434439;no
43ADTL;9mo0w5c7v6;MERCEDES-BENZ;Natasha Hayes;1999-07-04;AEAEECAAEAACEAC;0175 6256767291;no
XC9NI6;rehmovn21e;TESLA;Paul Munoz;1962-09-23;FFFAAEEFCEEEECC;0170 6669264633;no
MTCGIX;os2mfm357k;MERCEDES-BENZ;Kari Hines;1975-11-01;FECCCCEECEACFFF;0179 5096681778;no
357PM6;j0epbnlzbj;ASTON MARTIN;Roxanne Robertson;1971-02-16;FEEAAAAEFFCFCCA;0179 8326418416;no
6Q3DWF;603j3gajuk;TESLA;Mercedes Collier;1951-01-26;FAAFCAEACECEEFE;0151 1903522873;no
TCJ0ID;7q9ajj0ayi;MAZDA;Felicia Bishop;1978-09-22;ECEFAEEEACECAEC;0177 1042228039;no
TVXJZM;u2tj14jm53;PORSCHE;Mathew Arnold;1964-07-23;AEACCFCCFEFCFFF;0151 4323537555;no
90PLKK;99wtkr6k04;ASTON MARTIN;Shari Potter;1976-12-21;FFFAAEEACFECEEA;0171 9084947812;no
1DTYH0;6k83tmhjnh;AUDI;Ernest Dennis;2000-04-28;FFEFAAFFAAFCFCC;0179 6046505849;no
ZOEWQK;xgtow97okk;HONDA;Valerie Curry;1952-07-13;FFFCEECACEFECEC;0179 7318469846;no
78ZPE6;qjel7w809k;ASTON MARTIN;Rufus Fleming;1986-02-27;AACCFACAAFFECAC;0179 8919007102;no
2LF6YA;po782tt8ew;HONDA;Erick Mitchell;1964-08-22;AFFEEEAFCFFFFFA;0162 9673931131;no
ADUM1N;q3icxd8js6;HONDA;Jan Schneider;1993-05-09;CFFFFAAACCFAECA;0178 2274952152;no
H8ZL00;kvuqcvfwfn;TESLA;Angel Schwartz;1990-01-09;FEFEFEACFEECAFC;0171 9257521764;no
6RREIM;uh3hhjk6gw;JAGUAR;Lindsay Santos;1984-11-11;EAAAAFFFAFCCECF;0177 1558478479;no
RYNNAL;wglc7mytcv;MAZDA;Nathan Peters;1981-10-21;ACAFEACAEACAAEA;0171 6702169290;no
3ZX312;hrwh9ukd91;TESLA;Jeremiah Hudson;1950-12-05;FEFEAEAFFAFCFFC;0170 7265832551;no
9HLJD9;imu6z36z9k;VOLKSWAGEN;Rudy Rogers;1957-06-07;CFEAFCFCEFAFFCE;0177 7079628426;no
QYYOZ5;1oztwaq65i;BWM;Santos Elliott;1953-11-07;EECAEEFCACEEAFF;0175 5772467559;no
MCDM7A;lulg2mjh0h;ASTON MARTIN;Alice Duncan;1963-05-19;AAECAFFFCEEACCF;0175 5381158622;no
JC47SY;dqvn48x2dq;VOLKSWAGEN;Sidney Christensen;1961-06-14;AFFECCFEFCCAAEA;0179 8550448887;no
55PYE3;c7j16c3bpe;JAGUAR;Leslie Hogan;1958-05-31;CEFEAAEAEEAEFEC;0179 9113564409;no
2TSKFF;c2t3xgsbk7;TESLA;Joan Wilkerson;1977-12-17;FAFFAFECACECFCE;0160 6280524777;no
FSY7XP;q6757hodc3;VOLKSWAGEN;Antoinette Ball;1969-06-13;ECEAACFEEAAAEAE;0162 9663568822;no
UAK0SS;tbo1i7rkxh;MAZDA;Lorene Newman;1974-11-09;AEFCFAEFEEFCCFA;0151 4460032631;no
SEXATU;ukr7brunso;ASTON MARTIN;Blake Ingram;1958-07-03;CEEEEACFAFFAECC;0178 1388117081;no
HF17J4;rod3k7d29h;JAGUAR;Latoya Berry;1976-10-19;FAACCFFCECCFAFE;0179 3391425310;no
726UJD;jgwd4bv22o;TOYOTA;June Lambert;1982-10-20;FACAAACEACEEEEE;0173 1824354094;no
F4IOV4;yji29bzkty;ASTON MARTIN;Claudia Abbott;1989-07-02;CFAFAEEFAEFECFE;0177 8226858045;no
PVU49T;y0x6ojjmee;TESLATOYOTA;Lisa Reid;1952-07-13;ECEEAFFEEECCFCC;0171 2672676940;no
RES43Q;wab9xxj5nd;VOLKSWAGEN;Stephanie Vaughn;1984-08-14;FFFFECECECEACFA;0171 8584920436;no
TJ53AN;8kctgynhfo;MAZDA;Jake Hill;1989-03-07;CAFEFEFAAFCEFCC;0179 2629424169;no
XJAPFD;8uafbqk1bn;JAGUAR;Saul Collins;1982-04-01;FAFFFEAFCCCFCFA;0179 3802796810;no
847T5J;orkonrohgv;AUDI;Melvin Oliver;1969-11-18;EECFECCFFAFFAFE;0170 9046996015;no
PRT1B0;va5hao1vwr;LEXUS;Angie Newton;1954-11-15;EEAAAEFFAEAFAAC;0170 1257671198;no
ABFMEI;ts8tbvda66;TOYOTA;Carlos Sharp;1962-05-05;FAFAECCECAEACEA;0171 1304688420;no
CFAT44;bs2z9hlpke;TESLA;Mandy Adkins;1975-02-20;FFEAEAACACCEEEF;0151 6202333045;no
6TPCMP;ewcnq8ly9f;PORSCHE;Elsa Lyons;1989-03-29;CFCFCFCECAFFFFE;0162 3037898581;no
IX1H4D;c38l4znqip;MERCEDES-BENZ;Patti Clayton;1952-08-13;ECACECCFFAACEAA;0171 1547867955;no
PGAQO1;hnldvp973x;HONDA;Cornelius Maldonado;1966-08-12;ACACACFFAEFAAFC;0178 4810246706;no
KGOSZU;95t2uuuuki;MERCEDES-BENZ;Gladys Freeman;2002-05-31;CAFACAACEAFAEAE;0162 6282774708;no
3TU5YT;7rsj73gi32;JAGUAR;Randall Ballard;1961-11-02;FFFEACFFFEAFCEF;0171 1164096824;no
6N1AAT;1tc9c828j2;LEXUS;Michelle Mcdonald;1958-06-19;ACEFCAEFAAAFACF;0151 2526291548;no
OXRVJO;vu2u3k05c1;PORSCHE;Kerry Mccoy;1991-11-05;AECAECEECCEAAEF;0170 5046206529;no
7DGGLQ;9pf4klpte9;TOYOTA;Phyllis Rose;2001-11-19;ECAFEAAFEAEFEEE;0177 3549668002;no
A470TP;o2sqx3f7sk;MERCEDES-BENZ;Josephine Parker;1992-01-27;FCAAEEFACACFFFA;0162 8191686436;no
XP7J37;9d7invseat;MERCEDES-BENZ;Terry Patrick;1950-04-12;FEFAFFFAECACFEF;0175 1297626477;no
4UAC1P;gnxih47omh;PORSCHE;Vicky Dennis;1955-06-20;CAAEFAAFFCEAFEE;0179 1117398147;no
4X2ZY2;sk1pbtw9fn;LEXUS;Traci Peters;1953-10-17;AAEECECCEAFAFCE;0160 2753165359;no
782XS9;iy23irkctm;JAGUAR;Orville Collins;1956-02-16;FEAAFFECACFFAAC;0171 8362910177;no
K4IVOS;fq4ccrwfkb;HONDA;Kelvin Franklin;1966-04-15;EFFCCFEFAEFFECE;0171 5232730868;no
R12HBN;sjuw7m7wt2;AUDI;Vanessa Shaw;1978-06-12;FCFEAACCEECFAEF;0177 4710338217;no
K41TSY;62osb40u34;BWM;Joanna Sims;1959-02-18;FECCACCEAEEAAAA;0177 7722070106;no
120MQ0;pvot08tgum;PORSCHE;Wilfred Howard;1986-03-09;AEFFFFFEFAEAACE;0170 1854885436;no
2P0S43;2ytmlphf12;HONDA;Mamie Williamson;1994-04-10;ACAFEAACFCEFCEF;0175 5625965528;no
B59Q9M;xthhi37zet;JAGUAR;Eva Cooper;1954-06-12;FFFAAEECEAAFCCF;0151 1517366734;no
7CAHGF;4ud8thpjti;PORSCHE;Jaime Kim;1982-11-01;CCCAEFACAAECAAC;0177 2146901573;no
MR5LV3;2hb2t3pxnn;PORSCHE;Geoffrey Tran;1985-03-12;ACEFEFCFCECAFFF;0178 8302787935;no
Q92NZ3;8zu91z02ey;JAGUAR;Roxanne Clarke;1999-08-01;ACFEFFFACEAECCE;0151 5225153121;no
Z6UZ2S;9lcjg5fb87;TOYOTA;Cecil Stokes;1954-01-23;EECFCCAACECFCFF;0151 9485140112;no
Z2PCDO;pp323wgy2u;PORSCHE;Stephanie Gray;1976-06-10;ECAEFAAFEEECEFC;0162 6085071090;no
H6VNL6;5uncz6sg3v;JAGUAR;Tyler White;1957-11-07;ECAFFFFCEEAEEAC;0162 2942284547;no
QOCKXL;h3zucuub09;MAZDA;June Simon;1975-09-27;ACCEFEFEFEECCCF;0179 6603399833;no
4HGMK6;ykshhsxco8;TOYOTA;Sonia Manning;1983-04-12;CFECFFECFACACEA;0173 5414162809;no
U2C2HH;cxo5uv7y0g;LEXUS;Elmer Gill;2001-01-08;CAAECCECFEECCAF;0173 5857888037;no
KXKGMO;5hbrillz6j;VOLKSWAGEN;Gerard Stevens;1986-12-04;EAEAFFCEFECCCFC;0178 9421057220;no
B144HX;2eu46wtuac;VOLKSWAGEN;Eleanor Caldwell;1952-06-26;EAFAAAAAEAAECCC;0160 3820490481;no
9TK87D;4475g630le;BWM;Julia Hines;1972-10-13;EEFAEEFAECCACEE;0171 4464385139;no
TZ9LF9;qzztn5ymnn;JAGUAR;Ginger Duncan;2000-03-11;CFCFECCCFEACEAF;0177 3385007452;no
SP180W;6bent98w3v;ASTON MARTIN;Santiago Lambert;1976-08-18;ACEACCCCAFFEAAF;0162 3765703503;no
M4C3PR;akl1go305x;AUDI;Bennie Casey;1958-07-20;CEEEEAFEACAFAEA;0175 7495536403;no
7EN3WV;59z0cewujp;MERCEDES-BENZ;Sarah Daniels;1962-11-09;AFEACCCACCFCEFA;0177 3143390029;no
QUQHMM;a69lydqfto;AUDI;Jeannette Aguilar;1983-07-05;CFEACCAFEEFFFFC;0160 7038614760;no
L3Q1FW;qj2fssx97g;TESLA;Pearl Bailey;1950-11-09;EFAFEEACCCFCCAC;0178 7699511104;no
KQ65RY;hd0wkd71yd;HONDA;Patti Baldwin;1954-01-30;AECEEFFACAFCEAC;0170 5364276327;no
3JI64Z;bizzvef8c2;VOLKSWAGEN;Pete Young;1989-09-12;AEEFFFACAAEFFCE;0177 7552496685;no
9NV9GV;svyfd2z0cx;MERCEDES-BENZ;Linda Hunt;1950-05-16;FACCECFFFAFECCE;0170 1015574368;no
8YKXS9;bkq26dlkhx;AUDI;Elizabeth Wallace;1998-12-16;AEEACCFCCAAEFCA;0170 5911321731;no
IJ7CU4;ot0r8doh1h;MERCEDES-BENZ;Rogelio Rios;1981-04-05;FAAAECEACCCCCFA;0160 6983594113;no
YB167F;mim25ml1w7;MERCEDES-BENZ;Frederick Ortega;1975-06-20;CECFECFFFCACFCF;0178 2091885627;no
G5LTCJ;mriuroh5k5;VOLKSWAGEN;Mack Bush;1976-05-20;CCCFFCFFAAFECFA;0170 8141561350;no
PYCPGY;dre7gl6yt4;TESLA;Sophia Mcbride;1957-11-13;AAEAEFAECCFCCEA;0151 4004351545;no
2SFOQU;k2fsmb492z;AUDI;Boyd Boyd;1999-02-01;EFEAACFACEFACAA;0179 2937374892;no
1GXFME;v09bovso1x;BWM;Fannie Goodwin;1974-03-25;FAACACAFEFFCFFE;0162 7295352765;no
1O00JI;kbd6lez83h;VOLKSWAGEN;Dennis Gibbs;1969-03-10;EECCAEFECCACAFA;0173 2164806519;no
3J6K7X;u3orgyem6q;AUDI;Joel Mack;1984-10-04;EFCFCAFAAFAFCEE;0177 8492975117;no
BOWFJY;evijwtm07p;AUDI;Tanya Wright;1994-08-25;FFFFAFFCEFECFAE;0151 1962551399;no
43BZ16;5fue2jwpvt;TOYOTA;Morris Kelly;1958-05-19;CCEEAACEFAFCACC;0173 6525402471;no
8GF5Z9;s02ug27ogv;MAZDA;Dwight Gross;1969-07-06;FCEFAACFCCCCEFC;0179 6601427516;no
H1I3X9;xpfkyv5gw7;HONDA;Pauline Lynch;1986-05-18;CAEACAAACFCCEFF;0171 1318362357;no
55A9YL;22me55lbn5;TESLA;Claude Buchanan;1968-07-11;CECCFFECFFCEFFA;0162 6895659782;no
NU6AZB;pew9gdk0wt;TOYOTA;Gretchen Webster;1992-05-30;CFEAFCAEECAAFAA;0162 6572546177;no
2PH6ZN;bltlr3s4rd;ASTON MARTIN;Shirley Henry;1965-02-19;EAEEAECCFECFAAC;0173 9356789109;no
K17HCI;egxp9z6xpo;ASTON MARTIN;Myron Nelson;1963-12-31;FAECCAFAFFFAFEE;0177 2535959409;no
Y6YW70;ohf5pyv7dq;BWM;Brent Blair;1958-05-20;AEFECEAEECAFFCE;0175 1309048489;no
Z4DZFH;41dmkjojcw;LEXUS;Carlos Craig;1959-02-25;FEEAFCFAEFAFAAC;0160 3401524546;no
BLI5WY;ozb5oeh09g;MAZDA;Kurt May;1980-05-18;AECCCCEAFEEFEAC;0151 1148743441;no
XTRPDU;cn52obu04s;TESLA;Violet Erickson;1997-12-15;EACAEECFAFFCCFF;0173 8922890825;no
909SPY;01dl66r3vu;PORSCHE;Guillermo Moran;1975-05-01;ECFAAFEAFCCEAEA;0151 9833661251;no
MZKH9V;gq6185o64e;BWM;Michele Marsh;1954-06-16;AEACAFFAECAAACE;0170 4227190952;no
SO53SD;2afggbqpd2;BWM;Donna Harrison;1986-05-30;ECEFCAAAEFECEFE;0177 3051003449;no
2R2YPW;ustpdzm51s;TOYOTA;Darlene Quinn;1999-06-29;EACFCAFECFCEEFF;0177 3166141993;no
3CQGD4;k0xrld1uos;ASTON MARTIN;Cathy Grant;1971-02-28;AFECACCEAEEFEFA;0179 6333435580;no
C1HI9I;byd2chvja1;JAGUAR;Gary Cunningham;1977-02-26;FCCECFAECCEAAAE;0178 2302866364;no
4NS4QT;tsey7qydeg;LEXUS;Sammy Mason;1967-07-11;CEFACCAFAFAFCAE;0151 2997069590;no
A6Y80J;4qzxl99r2o;AUDI;Bryan Phillips;2002-05-17;EFCACCFAFEACECF;0160 3036910314;no
KE5ARZ;78o4axlti2;VOLKSWAGEN;Shannon Bates;1967-09-07;FCEFFAEACCCAAFA;0178 7059123631;no
5KXHZW;a9jodwkkp1;LEXUS;Leticia Hill;1954-01-24;AACAFCAAFFEAFAA;0175 1658588705;no
O1GO9Z;kg89b9e423;MAZDA;Lori Price;1958-06-15;ECEAACFACFACAAC;0160 9818936922;no
9Y0J7C;c15hy1euxd;TESLA;Nichole Sullivan;1989-12-09;CECAFEFFFEFCECE;0178 4972561094;no
N3981K;luzcarel37;LEXUS;Duane Crawford;1967-02-22;FAFEAFECAAAFEEE;0177 6611542855;no
XX2IAV;wa6poylj2n;TOYOTA;Edgar Hardy;2000-02-26;AEFEFFAEFFAAFEE;0162 6104538116;no
8EG0DY;wr5bbow279;LEXUS;Laurie Santiago;2002-12-04;EAEFFEECFFFAFEC;0178 2148705510;no
E6K93U;a4wfzk0k7g;TOYOTA;Chris Cruz;1963-10-15;ECFAEEACCFCAAEA;0151 9271807559;no
HN2NV1;eftnldatr9;BWM;Angelica Roy;1950-02-23;EFAFCACEFFFAAFC;0177 2870822493;no
IWXMHH;t256ccyl3t;TOYOTA;Devin Fox;1960-01-07;CFCEFFCCEEACFAC;0173 6567042315;no
D9VODW;f5mkgsgifq;AUDI;Marcos Barrett;1992-08-14;EECFACEAEAAFEEE;0151 6762913264;no
OMJZOK;pl6wb43qjj;AUDI;Norma Chavez;1991-04-24;EFCEFEFAACFFFAC;0178 1242899964;no
MQ4BKW;it163d9bbn;LEXUS;Lynne Evans;1962-01-31;AEACCAEACAFACAE;0162 6218937759;no
YRX8W1;4o7f4apur7;ASTON MARTIN;Adrian Mckenzie;1976-03-01;CAAFEEECECCEECE;0171 4858159021;no
KOW3KF;9jt8ylqo9z;ASTON MARTIN;Pat Reid;1972-11-22;ECFFFCEFEEEAFFC;0179 5810546008;no
I07G28;s30cci7x6e;AUDI;Antonia George;1974-12-07;CACCAAAACFCCCFE;0171 5292005830;no
UTI6SA;sml54s9sfs;TESLA;Casey Douglas;1952-09-16;AAACFAACEAECFFF;0160 5974477169;no
4R39B5;0ddjcue93j;VOLKSWAGEN;Elsa Sutton;2001-08-25;FCEAEEEEFAFFFEC;0171 7874022156;no
DD0JEQ;0sjcoqwbag;VOLKSWAGEN;Sidney Figueroa;2001-12-27;EAFEAFCCEACCFEC;0171 5126605907;no
LP5J4I;z0jdd0elda;JAGUAR;Pamela Day;1964-03-09;EECAFFAAAFEFEEE;0173 7993096123;no
VZLTPT;xm1zttpfd3;TESLA;Lana Fernandez;1957-07-28;EFFAFFCEFEEEFEF;0160 1164089743;no
JCMTGB;opmqv3kfuy;TOYOTA;Leonard Christensen;1952-12-20;ECEECEFFCCCFCAC;0173 8032669327;no
60SRXA;to12kmae7u;MAZDA;Paul Montgomery;1959-11-14;AECACEFEEAECFEA;0162 6280398895;no
5GSIVN;uvkfekytr8;MERCEDES-BENZ;Kayla Brewer;1970-07-18;AEEFACEFFFEEACC;0178 6674246815;no
M7C0R5;zxbycyk0n7;ASTON MARTIN;Kristi Stewart;1977-07-18;ECAACFEECEEAEAE;0160 7932693215;no
5R6W7Q;lnoylfw5z3;TOYOTA;Roland Murphy;1952-04-07;CEEFAECECEAECFE;0160 4410846072;no
R4FE68;qmapfk7ay9;VOLKSWAGEN;Geneva Jordan;1983-09-09;CECFEEFCEEFFEFC;0151 9978645937;no
C0DM4O;jj2k7t5so0;TESLA;Brooke Clayton;1980-06-09;EFCCEAAFCCAECEF;0173 5843840009;no
YDL90V;sertks449k;JAGUAR;Jerald Schwartz;1987-06-21;ACAEEECECFCCFAF;0171 6965118724;no
2SDSG6;1s19pvbps2;PORSCHE;Cesar Riley;1985-12-02;ECCECEAEEACEFCE;0179 8191226018;no
7NK393;sapkhkhixv;AUDI;Rudy Klein;1970-11-29;CECACCACAEAEAFC;0151 4353623954;no
XUJIWB;acu6e3g4pb;JAGUAR;Lindsey Walton;1994-09-09;AFACFEFAEFCFCAE;0160 1155987358;no
KRRDR3;mbeu95f72s;ASTON MARTIN;Marcella Lucas;1974-12-16;ECFFECAFAFCCCCA;0177 5774356378;no
2W3ZCR;4wkbnszraa;VOLKSWAGEN;Martin Byrd;1974-08-08;EAFEFCACCACCECF;0160 7007910673;no
K6Y9HC;qray2rr9xh;ASTON MARTIN;Gwendolyn Hanson;1993-07-04;FEEFEAAFACCCFFE;0160 1810506421;no
HOYXMG;m5d6b0dpou;HONDA;Terri Delgado;1996-08-13;AFEAEAFCAEEAAAA;0151 5718905997;no
PHIYQY;5456k0zr9r;BWM;Katie Cohen;1978-06-14;CCEFFAEEACFAACE;0178 3185090381;no
TQX9UD;50xu05vn2v;PORSCHE;Alice Mckinney;1964-03-05;ECFAAFACAFAFECC;0162 1080151069;no
CMLR5I;oit7chyss3;ASTON MARTIN;Clint Ramsey;1970-03-22;CFEEEAFCFCEECCF;0162 4359179753;no
CI3S4F;viabhjd5gg;BWM;Harvey Lloyd;1984-03-08;AAAFCEAACEAECFE;0160 7273494957;no
3HLKQF;c25xicv5l1;MAZDA;Pedro Mann;1954-12-31;AAFACCFFAAECCFF;0178 9403388567;no
DP0UHM;vrsiyy0y1s;TOYOTA;Tina Rodriguez;1967-01-11;CCAECAFFEECAFEE;0173 9569094699;no
OJES9G;iluxpm858d;HONDA;Jan King;1983-05-01;FFACECFCECEFFEF;0179 7260083322;no
4C3QFP;3p8a1a3rpb;AUDI;April Daniel;1996-08-14;CEFAFCFFEEEFFEE;0162 5918255210;no
R6ET4U;0rwmckum68;LEXUS;Leticia Byrd;1961-09-15;ECFCECCFCCFFFFC;0162 8550425100;no
ZWVUW1;fc4355u5s0;VOLKSWAGEN;Martha Hernandez;1965-10-20;ACCCEAEAFACAEEC;0179 3334923026;no
IAXXFR;l3cfn70aam;JAGUAR;Jerry Barrett;1965-05-22;AECCCCCFFAFFEFA;0178 8528220451;no
F67IDS;hpqdb6ydzo;AUDI;Ginger Warren;1967-11-21;AEAFFAFFCCACEEF;0178 4142624450;no
8UBFGW;10khu046yu;VOLKSWAGEN;Jonathan Jenkins;1962-07-05;CEEFCCCCAECEEAA;0179 4387928093;no
5JKP4V;d8arzcyndx;MERCEDES-BENZ;Hugh French;1975-07-28;ECACAEAFEFACECF;0160 5010688259;no
4TY0OP;hpzvo3spvc;ASTON MARTIN;Lloyd Salazar;1975-07-17;FCCAFAFEEFFECAC;0173 8264793796;no
T8KV9Q;szr0x1tlo9;PORSCHE;Amanda Williams;1991-08-06;FECFEFFFCFAEACC;0175 9184645467;no
6W85W0;7oc5x6c3t7;BWM;Loren Wilson;1950-03-27;AEEAECFAEEACEEE;0178 6189319297;no
PTD0VM;h55zljiseg;MAZDA;Sophie Wilkerson;1976-03-08;CFEEACFECAFFCCF;0178 5685571959;no
AUS1L5;tbmxusrtb3;BWM;Kellie Carroll;1950-10-04;CAEFCAAFEEACCCE;0173 8200587386;no
LF3IA4;030flkaf3f;MERCEDES-BENZ;Grant Saunders;1985-12-16;CACCEEAAAFEFECC;0162 3026204372;no
T3I7A2;b9h9dzi2ei;AUDI;Arthur Hampton;1966-11-03;FFCCFFACCCFACCE;0175 3961258529;no
P42ATO;hhzvw76md3;PORSCHE;Nadine Clarke;1976-04-02;CEAAFFEAACFEACE;0151 2215472483;no
XGJVEJ;e2sv6fq28r;MERCEDES-BENZ;Karla Webster;1972-02-15;EAFEFFFCCFFFCCC;0175 9641353660;no
KBA56I;l7mvhr4i0c;VOLKSWAGEN;Becky Mcgee;1973-02-21;CEAEFECCFCEFFAE;0162 7278122462;no
TC5QHH;6otik2qsa1;PORSCHE;Ellis Sullivan;1967-03-17;CCEECCAAFACACCE;0173 3262322318;no
KC38JE;p5r4snv3oe;MERCEDES-BENZ;Russell Floyd;2001-02-11;EFFEECACCCEAEEA;0171 1621098541;no
WJHSJ4;mi3yu7xa7p;MAZDA;Gordon Abbott;1978-10-08;EACAEFFEFEEAAEE;0178 3135028469;no
Q14K6I;neihyuc5au;AUDI;Eddie Sutton;1974-11-05;FCCFCFECCEAAACF;0173 7051633070;no
KVYIWF;144nn9rm4r;TOYOTA;Chris Mccarthy;1974-02-07;FCAEFEAAFFFFEAC;0175 6739703084;no
LE5BIG;de45bv8i2n;TESLA;Alton Olson;1962-05-13;ACCCAECFFAFFEFF;0179 6765188440;no
4103R4;id109u9aol;AUDI;Mamie Houston;1997-06-08;EFFAAFCCEFFCACA;0179 4309859481;no
T0GBIY;baq9njexy9;AUDI;Julie Burke;1990-05-17;CACAFEEFECECACC;0177 6265747709;no
MZSZK2;bdv2uvwu9z;MERCEDES-BENZ;Caroline Larson;1968-12-02;FFAAAFFCAFACFEF;0162 6683744399;no
UFX2UE;4m2eb40ibs;BWM;Leroy Watson;1978-02-17;CCECCEEFCAFCAFA;0173 1044730489;no
SO7ZTX;r3bubwqrze;TESLA;Ernesto Aguilar;1959-08-07;AECFEFFAACAFAEE;0179 5484421345;no
U119VS;m1m249z21o;MAZDA;Darren Buchanan;2001-06-03;CAFECFFCAEECEEC;0173 8800075654;no
6Z6RJ2;00vmgwqt2c;LEXUS;Lori Owen;1973-05-24;EEEEFFFAEEEEFCC;0173 7490320777;no
07LUCP;mijguos65y;TOYOTA;Jan Perry;1965-09-15;FCFFAAAAECAAACF;0178 1092698537;no
5V3V5S;yb5zgpu2sw;MAZDA;Ron Gonzales;1991-06-02;FAAEECACACAFFAE;0160 3817742722;no
1MBD13;n6feexi1uf;BWM;Louis Banks;1972-11-29;CAAEEEACACFAEEA;0162 3227090702;no
U2CTTZ;wkrid7v9at;AUDI;Zachary Patterson;1961-10-26;FFFFACAEEECAAFA;0175 8782287818;no
KBLDKW;s5f95vrin7;TESLA;Mark Hammond;1975-09-02;AEEAEECFFECCAFC;0162 9050245097;no
UD15A6;b1hl6pne6t;LEXUS;Joanna Erickson;1953-05-11;EACFCFEAAAECFFC;0170 5411599088;no
IRW7S2;imgv6l7mps;TESLA;Arnold Morrison;1988-10-01;CCFAAFCEACECFEE;0175 1699355126;no
C2CJJK;uubrpd5ix6;AUDI;Wade Watkins;1974-12-28;AAEEEAAEEECEFFE;0173 3253105609;no
3GIA9R;41ft40svow;VOLKSWAGEN;Clay Patton;1978-05-23;CAECCFFCAAFCFAA;0160 8418365238;no
5ELE5W;i2wr3s9qkf;HONDA;Harry Newman;1961-11-27;CAECECEEEECCCEA;0175 3665672369;no
FDYJC4;yjv74quruu;PORSCHE;Minnie Dawson;1966-01-07;AEEAAAFFFEECFFA;0151 2498958858;no
Q3GZ6O;wb7jwzi0ox;BWM;Fredrick Carter;1987-05-31;ACAFCCFEACEFAAE;0178 5021387837;no
BJ4UWA;atuvq8avd4;ASTON MARTIN;Elbert Cohen;1981-01-30;EAACEFFAFEEEAFC;0179 1028996343;no
K9LHAI;ub8rfuiyjp;TESLA;Sheri Page;1972-06-20;CEFCAFAFFFFFEEA;0173 8590958671;no
390R42;qztrt5n5be;LEXUS;Rosemary Mack;1950-08-27;ECEEAFFEEFEEEFA;0171 9071060343;no
UB6XJI;jvosf2gsvh;TOYOTA;Marshall Berry;1994-08-18;AECEFAFCAFACFCC;0178 3461690827;no
GZGSDF;h6ie6o9qc7;MERCEDES-BENZ;Lindsay Jordan;1994-03-13;ACEEFFAAFEAAFFE;0151 2298710419;no
AT7JHQ;21weh1g2e4;TESLA;Esther Todd;1990-05-05;FAACFEEACAAFEFC;0170 7152794729;no
05OQIS;2n48xpm345;ASTON MARTIN;Brandi Beck;1997-08-15;CEAFFEAACFAEAAF;0173 2528069776;no
B4T6TE;7yzwc1cehi;HONDA;Lindsey Hamilton;1982-09-07;EEAFEFFFCEFAEAC;0171 2118634943;no
116WH6;ot3sxh69xy;AUDI;Boyd Huff;1998-07-27;CCACCFFACAACEFC;0162 1706752885;no
VXQDD0;ohznybzb3s;BWM;Pam Moss;1962-01-25;CCCCCEAAAFEFEAA;0170 2657936139;no
98QMXD;lkraqsbh09;ASTON MARTIN;Rudolph Allen;1954-11-24;FAEEFFAECACFAAC;0160 6233903776;no
MDX06U;ekvoumx2yk;MAZDA;Leon Allison;1962-05-05;CFFFFFEEAFEECEE;0175 7692302679;no
YLNQ66;yqv43wbsuj;AUDI;Toby Moreno;2001-06-04;AFAACEEAFFAAFAA;0173 4247197956;no
WUO9J8;nonjwhc714;MERCEDES-BENZ;Andrew Curry;1994-11-20;CCEEAEFFACAAAEA;0151 9306628137;no
ID7JFQ;wo4qtda8ef;TOYOTA;Dexter Bush;2000-01-17;CCACAAEFAFCFEFE;0175 3058279401;no
F0S8P9;b5552mjpox;MERCEDES-BENZ;Grady Mann;1956-07-16;CEEEFEAFFAFCEAE;0151 7329927139;no
SR6BBM;y485hn2u4m;JAGUAR;Rochelle Chapman;1959-01-08;FFCFFFECFCFCEEC;0178 4364026180;no
US2M4R;4grdq9atfr;LEXUS;Alejandro Terry;1952-08-11;FCAFCCFFFEAACFA;0178 8658170155;no
9FWFRY;0qnz7pf3te;LEXUS;Preston Hughes;1962-11-16;ECECFAEACFCFFEE;0177 5476103272;no
3OSUA5;420ye2qfmg;TESLA;Stanley Padilla;1961-05-14;AAAAACAAFEAEAAC;0177 1717427371;no
D6NFWE;ffb0zfpftp;LEXUS;Kim Haynes;1952-06-20;AFACACFEEAAAFEE;0160 5921223420;no
4CBOVT;hzp6c21xje;TESLA;Terrance Cook;1992-03-01;AFFFAAEEFCEEECE;0178 7362548741;no
KK0XUL;29yn1sfs8l;TOYOTA;Hattie Gutierrez;1961-04-02;FEEEFCCCCFFCACA;0175 3364488686;no
WFSRX5;xs9m4jn3b2;HONDA;Claire Fleming;1960-02-25;FECEFECFAAAFCAC;0179 2994280032;no
7G5WLW;n4hs69tgvi;MERCEDES-BENZ;Traci Johnson;1973-08-17;CCAAEAAFCAACACE;0175 6345551509;no
O3ISD1;86o5r84bk9;JAGUAR;Geneva Kennedy;1986-12-21;FFACFEEAACAFCFC;0177 1658511129;no
48XO1N;mgw9hxf89w;TESLA;Lionel Chandler;1994-05-23;CFAEEAECEECFEAE;0175 3345561170;no
ZE7Z56;k8akxuesta;LEXUS;Ollie Cain;1982-04-20;FCEACFFACFFCCAE;0170 9621341763;no
DMC0BK;ymqvi2uu92;VOLKSWAGEN;Dana Pena;1987-05-24;CCCAEAEFEFFFFEE;0160 8082411974;no
N9YI26;gvfyd6u19u;MAZDA;Steve Morgan;1973-09-26;CEAEFAECFEFFCEE;0177 2978191939;no
AR0N07;5u5ov96fdc;TESLA;Monica Crawford;1983-10-24;FFCAACCCAACEECE;0162 3321712435;no
GML0Z7;ulvsa90606;TOYOTA;Claudia Phelps;1973-05-02;CCAFAFECCAFCFAA;0151 4586500881;no
41FW7P;u1fbqvpzn5;ASTON MARTIN;Meghan Wheeler;1978-01-06;CFFCEFEFECEAAAA;0178 1696489389;no
IQBU6H;ejsp7zr8vu;LEXUS;Candice Alvarado;1973-03-17;ACCFCFACECFACAC;0175 7516732148;no
WWZTFF;wa6tq8v5tb;PORSCHE;Gary Washington;1989-11-04;CEAEFFEFFCECFEF;0177 2770692497;no
XMXOZK;85m7s4tqdo;LEXUS;Lewis Mcdonald;1971-02-27;CAEECEFFCCCEAAE;0177 3347185892;no
RD9EZZ;4i65askxwl;HONDA;Evelyn Harmon;2002-11-14;FCACECEAAAFCFAA;0173 3401283387;no
GE34QF;ro3pb4c1lc;HONDA;Al Simmons;2001-08-29;ECAACEAAFFACCEA;0171 7190484770;no
19HHMA;eded5kdx0q;TESLA;Hugo Dennis;1973-10-04;FECFAFFECCEAFFA;0151 9934153183;no
P3Y75D;1cyimqdo9m;MERCEDES-BENZ;Sonja Mullins;1955-08-09;FCFFCFCAEECCAEC;0170 5732468044;no
JWMH0O;ptw3y992i5;LEXUS;Shirley Roberson;1991-04-01;AAFACEECEEECFFF;0151 8143042077;no
0W854Q;w6f74m59oh;AUDI;Audrey Reed;1963-04-24;FACFEFFECFFACFC;0173 4490341095;no
AD256T;vi1q1fwhwd;HONDA;Crystal Fletcher;1963-08-24;FACFCCACECCACFC;0177 2829997123;no
WE09H8;yqxi9spxmy;ASTON MARTIN;Alvin Hudson;1967-08-21;CEFFFCCCFCCACEE;0178 6747158638;no
PF722J;uxsurdrd0c;BWM;Janie Malone;1964-08-21;AFECCACCEACFFAE;0179 2794058526;no
TSA1WB;isr6ea3lxa;AUDI;Rosie Watts;1958-02-09;EACEAFEFCCFFCAA;0151 1592072163;no
NNH5AO;upqai2qyct;MERCEDES-BENZ;Pedro Oliver;1956-08-26;AAEAAAFCCEFFEAC;0160 1948545891;no
98SW8S;zqpe2mls3r;MAZDA;Penny Knight;1987-01-12;EFAEAFACCFFFAFC;0173 5680791432;no
TP6I9E;knz01nuzir;JAGUAR;Horace Schwartz;1982-11-24;CFCAEAAEFAFFFFF;0178 4202222636;no
PMD921;x0r6zudwac;VOLKSWAGEN;Tracy Mills;1976-01-24;EECEAAEACECACEA;0173 8062323443;no
GPNN3X;qjqo9uqiv3;MERCEDES-BENZ;Mattie Mccoy;2000-02-14;EFCEAFCCECCEFCC;0177 1125126964;no
1QE346;bcqlli4gjl;TOYOTA;Rudy Strickland;1994-03-21;FACCACEAACFCFEC;0160 3676171629;no
CS1TIK;nalnzkidws;JAGUAR;Mindy Townsend;1964-09-24;FFFACFEFECFCCAE;0178 6007120372;no
F4KL1T;ywuyprfv38;BWM;Jane Mckinney;1964-04-18;AFEEAAAFEAAAEEC;0175 7049061385;no
8T9R6E;40ac9u2p38;MAZDA;Wilbert Bowers;1963-06-16;CAEEECAAEEAACAE;0151 4959585089;no
O77X81;18xh2eydlx;TOYOTA;Neil Ortega;1951-02-19;FEACACAAEEAEAEE;0175 4338651679;no
OQWTVR;9ylg4yqv6m;MAZDA;Allan Reid;1980-01-24;AAEEEFFAAFECCAA;0170 9486890988;no
AUG9IE;2jlcvg7uey;TOYOTA;Lula Vaughn;1950-10-24;AAAFACFFAEFCFFA;0178 1909360813;no
1EYKQN;gfjhpth6pq;TOYOTA;Mathew Tran;1980-09-28;CACAECCEEFFACAE;0151 5601079977;no
2L1UXN;017brj8bx6;JAGUAR;Martin Wade;1992-10-12;FAACACACCAAFFCC;0177 1938550623;no
2TOOF4;np9v2vx3vh;VOLKSWAGEN;Randy Shelton;1981-06-22;AAEFCFAECACCCFE;0179 1947641756;no
GCH2RU;90jfmmrk9b;PORSCHE;Caleb Farmer;1989-11-17;FFAAEEFEFCEFFEE;0178 2177733893;no
5BB4FG;yulu4t1p4s;ASTON MARTIN;Teresa Newman;1985-05-13;FECCCEFCFEFCEEF;0162 2002291590;no
9ADKVC;8u7lab5yvx;TOYOTA;Noel Roy;1978-12-12;AFAFFACCAACECCF;0177 3706395847;no
3H2K5A;rsyy492xgq;MAZDA;Gary Freeman;1962-03-13;EAEAFFFFCFEEAFE;0175 4293087477;no
WQRN2E;evvhtj2aze;JAGUAR;Troy Walters;1992-11-17;EEEFEFFEACEECFA;0173 1238936064;no
DUBYEL;5023fd6nti;TOYOTA;Mamie Franklin;1977-10-31;AFAFECFEAACAFCF;0177 9678310200;no
REZGV3;hqmd261h74;MAZDA;Wilma Hawkins;1976-02-04;CECAFECAEEFECEE;0170 9269607986;no
URAZ0Y;d8dos7am6l;BWM;Jennifer Blake;1971-12-25;CAAFFEECFCACFAA;0179 2164046216;no
0RVZL1;rmaektd2s0;TOYOTA;Charles Clarke;2002-01-07;CECCECEFFFCFEEE;0170 3111880264;no
L0QNCI;1fxaaic0dp;BWM;Bennie Mclaughlin;1992-07-09;FCEEECAEACECAFA;0178 4394666087;no
AFX4GQ;oe59bgxi33;MERCEDES-BENZ;Marie Ingram;1966-09-13;AEFFCFFEACCCFAA;0170 5006876379;no
38LSJ2;mwfvap1qng;PORSCHE;Leland Roberson;1990-11-15;CCAEEFCCCFFFFAC;0171 5123978734;no
Q35C1D;n9elrcdzu3;MERCEDES-BENZ;Hilda Montgomery;1980-12-14;EAACFAAAECFACFA;0175 1357752339;no
5IT8TF;vy8571qm0a;BWM;Gordon Scott;1980-06-14;EFEACCCACAAEEEE;0151 9976556373;no
4DV07C;v1tas4wd10;JAGUAR;Karla Perkins;1982-09-08;ECEACACEFEFECFE;0160 3503567976;no
N40K4Y;rh2mukawob;PORSCHE;Gerald Long;1961-08-14;EEFCAFCACAFAACC;0173 4986859215;no
IN3X1V;13xzvvxe8d;VOLKSWAGEN;Kristy Watts;1952-07-30;AEAEEEECCFCACEE;0171 8894803356;no
8F9WDN;fgasf1s6vm;PORSCHE;Cecilia Lucas;1955-04-10;EECAACFEEACCFCC;0151 3460326217;no
YXV9R0;osgrpcv9ss;PORSCHE;Clara Griffith;1988-08-07;CFAAEFAFFCAAFAA;0179 8533544580;no
379C55;5x6ci4yzxc;JAGUAR;Olivia Hunt;1988-08-14;CEFAFECCEFCCFCF;0179 3788107120;no
7SIYRY;9wdj1519d7;HONDA;Delia Medina;1978-12-14;CCACCFAFFCAAAAE;0151 4972217851;no
ZE202J;kwrvgkgcm0;MAZDA;Frankie Hayes;1993-05-10;EEFEECCAEFACEEE;0179 7093798101;no
CPD0LV;sq1kur8pnd;BWM;Elisa Schwartz;1983-11-24;AAAFEEAAAEFECAE;0170 1203068029;no
D1K0UI;pm90ry89oe;MERCEDES-BENZ;Megan Jenkins;1956-10-07;FFFFCAACECCCECC;0151 6881635149;no
BB77DE;q74vg1ph06;HONDA;Santiago Mcgee;1995-10-18;AECAFCFEFFACFFF;0173 4754230156;no
CQG0JU;ir3jk603nf;HONDA;Willard Potter;1967-07-08;AECEAAAFECAFEEE;0179 8888020814;no
9KBN2Y;eadogrnavg;BWM;Alicia Lynch;1999-04-24;EEEACEFCEFCCFEA;0179 1785090889;no
XBCM97;8q8s0hf9qv;BWM;Rachael Massey;1980-03-12;EAFECAAFEAFFAAA;0162 6344717618;no
22HBIR;j3tpei6i16;AUDI;Kathleen Gill;1954-02-08;EEEFFFFFFEAFAEE;0160 6503974873;no
TLZI4Y;03n8ebiq2m;AUDI;Oscar Harvey;1955-04-20;FECCEFFACCCCECF;0173 3567313454;no
D81L4U;o22if0eddu;ASTON MARTIN;Marion Parker;1960-07-15;CEFACACAEFCFACA;0177 9359259167;no
KW51V7;y1cvyqlbwa;LEXUS;Josephine Garza;1984-09-21;CCFEFCAAFAFFCFE;0170 1812671787;no
XXY2HZ;wnhje4j2az;MERCEDES-BENZ;Luis Ortega;1969-04-22;CEEAFFECEEFFEAF;0170 9670978956;no
9EIWOW;5yl1pj5560;MAZDA;Leona Chavez;1960-12-06;FCCCCCAAAAACAAA;0170 2165337516;no
2BV5YP;vtd8vl79i0;ASTON MARTIN;Nina Cruz;1958-05-05;CEEACCFAAEACFFE;0173 8789188175;no
4MG2MY;rql3cv5sk6;VOLKSWAGEN;Cedric Marsh;1974-09-19;FEAEAAFEFEFFCFC;0173 4383971753;no
IDHSP8;l1jh36o3ke;MAZDA;Jan Peterson;1959-10-06;CAFAAECACECACCE;0162 2346390241;no
2E68LG;y64j35ejb7;VOLKSWAGEN;Leonard Armstrong;1969-07-29;FCAECFAECAACCEE;0151 7522518766;no
WHROU1;nzal2a0yeb;BWM;Arnold Dawson;1976-11-11;AACACFECAACCEEF;0175 1434958113;no
K6DNTY;c4c40yclyw;VOLKSWAGEN;Arlene Wilson;1960-02-29;CFCCEAAAECAFAEC;0177 2260319516;no
DHR50E;yl5jxom02b;TESLA;Amber Christensen;1963-06-17;CEFACFFACFAAECA;0171 2370601871;no
RFE5C9;m3550etlah;TESLA;Trevor King;1969-01-19;ACACEAECACFEEEF;0162 6753460088;no
C0ARCO;ybe1khayxw;BWM;Rita Sparks;1974-12-06;EEAAAFCACECEAAE;0178 9582230358;no
2JTNM0;tuarmqnvkw;VOLKSWAGEN;Brooke Fernandez;1990-08-24;CEFCEFFAEAFEEFE;0175 9078452377;no
TCYY4J;33zt2hz4pz;MAZDA;Regina Brooks;1968-09-17;AFEFFFAEAAAFFCC;0162 2261618824;no
7UR4YT;pciiri8egq;LEXUS;Forrest Oliver;1961-12-29;FCEFAFCAFEFAEEA;0175 8764767263;no
MF99CB;c4sv236986;MERCEDES-BENZ;Gail Fox;1995-12-27;EACACACCFACEECE;0179 2598416597;no
08PP9Q;3cssfqwqrg;VOLKSWAGEN;Jose Ramsey;1996-05-15;ACEAEFAEECECFEE;0177 6961342500;no
PBSG2N;63gllpub6i;ASTON MARTIN;Wanda Bryan;1984-03-17;FCACACCEFFCCEFA;0179 3439752957;no
RRBK16;37521tkdws;ASTON MARTIN;Jesus Huff;1996-08-26;AEEAEECAAFAEFCE;0177 1496118298;no
MIOLH5;apnzpp57hd;JAGUAR;Faith Brady;1965-07-19;EFAEEFCEFAEFEFE;0173 4812471292;no
2ANAT5;artn25bv5i;ASTON MARTIN;Tabitha Little;1978-08-04;EFEEACECACFFAFA;0170 6837854629;no
UY6DRU;imo7ro8li4;MAZDA;Roosevelt Mcguire;1956-03-14;FACACCFAAFCEAFC;0160 2619805827;no
OTVQMX;vj4xrvwxqp;MERCEDES-BENZ;Amelia Harmon;1974-08-09;FCCCCCCCFCFCEEC;0177 6777374113;no
4P67NP;04aq8d78vq;AUDI;Vera Webb;1958-01-20;AEFAFCFCFACCFEC;0178 9883983089;no
UWOJJ5;lx5epmr3gv;JAGUAR;Sheila Lyons;1998-09-18;AFAFCCFFAFEFEEC;0170 3612623719;no
VOSY7H;om99wzp0b9;VOLKSWAGEN;Arturo Douglas;1969-03-26;EACFAACCFFEAEAA;0170 2778305256;no
9WJ13J;w8s57d28eq;JAGUAR;Katrina Hale;1999-06-15;FEEFCAAFFACFEFC;0162 5325882258;no
P059SJ;x62utpsd3r;MERCEDES-BENZ;Sonja Lee;1977-06-24;EFFAACFFEAEFFCF;0160 7744039156;no
D6DU3U;v285a36k63;JAGUAR;Joann Copeland;1966-01-26;EACACACECEAEFAE;0170 1872249270;no
4XE3FA;a5qbjsikq6;JAGUAR;Vanessa Adkins;1998-08-06;FFFCAACCECACCAC;0171 4014960526;no
VCNW2K;uevpcf6o89;MAZDA;Kathryn Wolfe;1983-02-02;EFEACFFAEAFCAEF;0177 9071456711;no
8NHGFK;7gcxf9wkyt;HONDA;Jake Rios;1983-04-14;AECECEEECECECCF;0151 6220166336;no
6NXZWY;lscvk5omjz;ASTON MARTIN;Jonathan Flores;1968-04-24;AFECEFEEFFCFCEA;0160 7647380550;no
K39D75;gz9spggfjy;LEXUS;Orville Warner;2002-12-29;AFECFFEFAACACCA;0175 2197113070;no
K6DR5S;7ya1nccpvo;TOYOTA;Tomas Mcdonald;1999-05-15;EFFEAFEECEEEEEC;0170 1572558130;no
ROVNAF;rafhdk7dpd;TESLA;Delbert Newton;1961-01-25;EEFFCEECAFFCCAC;0151 6697409778;no
OH9XUA;3gxxldvs02;VOLKSWAGEN;Norman Chapman;2002-05-09;CFCFEAACAEFCEAE;0173 8579622376;no
IBRJMO;umlwfvsbob;MERCEDES-BENZ;Percy Hill;1972-06-07;FCAEECFFCAEFCEA;0170 3782519480;no
RCYBGR;wkunr5ebtl;MERCEDES-BENZ;Betsy Thompson;1972-01-26;EFCCAFCCEAEFCAF;0177 3812137260;no
2YIUBS;9dcm6g76jq;VOLKSWAGEN;Jacquelyn Santiago;1957-05-18;FEFCACEAAECEEFC;0177 5890946741;no
7RGJ4Q;yx8q8hfnzf;ASTON MARTIN;Linda Pratt;1991-08-29;AFEFECFEAACEFEC;0177 5278676308;no
135K1E;5gk0wzrbyf;MAZDA;Suzanne Ross;2000-01-11;AFFAEAFFAFFFACC;0179 1914304291;no
O38OM6;o4e90m8328;AUDI;Bernard Grant;1965-09-04;FEFFFEFCCCAECCF;0177 7544021819;no
N0N9DO;dwams8jfgk;TESLA;Travis Estrada;1968-05-24;FAEAEACFFCEAFCE;0175 7859774437;no
AQAHRD;0zj34xx5no;ASTON MARTIN;Natasha Underwood;1993-01-19;FFFCCFECEFACFFC;0162 2274878897;no
4DJ5V4;htr8grto9k;BWM;Rudy Holloway;1986-05-17;CFFEAACCFFFEAEA;0173 1483827780;no
9Y5JXQ;gc6tvieq79;LEXUS;Patti Kim;1979-08-21;AFCAAACACCACEAF;0173 6007899477;no
EPS4KW;lrxsb4yxkd;VOLKSWAGEN;Eric Mcdaniel;1997-06-12;EFEFACAAEACCECA;0178 8608564500;no
NEREL8;3f80otaqy6;HONDA;Brittany Nguyen;2001-04-06;CEFEFFEFCEEAEFE;0175 9052771874;no
83M2ML;mgyjxfkh8m;JAGUAR;Janis Rice;1966-12-31;FAACCEFCAFFFCCA;0151 2229588894;no
IISKZU;xnrivxgyhm;JAGUAR;Chris Foster;1952-04-24;ECACFCEECAFAECC;0171 3508988655;no
2JNXYQ;rgrs04bua3;ASTON MARTIN;Amos Barber;1956-03-15;EAFFCAEAFEECFAC;0177 1579489730;no
DO4UN4;3yhyg8s92a;TESLA;Whitney Mason;1964-07-10;AFEFCEEAFAAAFCA;0171 1070976693;no
MAQZKK;e8e88026mz;JAGUAR;Margarita Brewer;1972-03-24;FAEECACCEFCCECF;0171 3865498314;no
B937EB;6ryqvgxed2;LEXUS;Monica Jones;1958-03-09;CACCCACFCCFECAA;0179 3831646194;no
YDW37I;j55dex4nni;VOLKSWAGEN;Earnest Stewart;1967-09-17;AAEAEFFEACAEAAE;0160 5926376139;no
QOG2K4;f2w5wct30a;BWM;Thomas Ramirez;1954-11-22;FFCAEFFCCFAFCEA;0160 7715979785;no
H2PG9K;328l2dx70s;LEXUS;Jorge Rodriguez;1951-02-28;EAEFFACFAFEFAAA;0162 5236349981;no
6QT146;w2sijfjpas;BWM;Jackie Figueroa;1972-12-30;AEEAEFCCCCFFFAF;0170 7577207247;no
I4XBZF;pbw11kjgjy;PORSCHE;Doyle Yates;1955-09-28;AEFFAEEAFFCCEAA;0173 8787173521;no
AN4GYY;xixdfyvqzc;MERCEDES-BENZ;Ollie Singleton;1968-06-26;EFFFEFAAECAECFA;0171 6604435459;no
YTOAVP;tkrrkn0p7z;LEXUS;Ernestine Williams;1957-01-24;FCECEECEACECCFC;0162 6967323031;no
FEILSI;7sbjhknq76;VOLKSWAGEN;George Cole;1999-09-06;ECAFAAFECAAAFEC;0171 5129477897;no
G2G2UA;hujel6tlg6;TESLA;Alonzo Mendez;1959-08-16;CAACAEFFAAFCAEA;0173 5478901565;no
I96XOI;g5lf88ze44;PORSCHE;Wanda Santiago;1979-03-16;FCCECCACECFFCAA;0175 8330589673;no
J4SLZN;74oa1mnl7i;TESLA;Ralph Parker;1956-04-07;EACEAFCAFCFFCCC;0175 6135902683;no
JWKOTM;qxw4c0iogw;VOLKSWAGEN;Jaime Howard;1968-04-24;ACEEFFFFAAEEEAC;0170 9358662821;no
04ETGS;n80l1kfbg6;AUDI;Joyce Hubbard;2001-08-17;FAAACFAAAFFFAEC;0151 1240727608;no
1PRHM1;031pbf1yrj;BWM;Eva Reyes;1989-10-08;ECFCAEAAEECAAEF;0162 9127506769;no
PGFHW6;qq8cs2d7zd;LEXUS;Antonia Carlson;1953-12-25;AFEACECCCFEFFCF;0175 2630277385;no
4K1YUQ;e4avrrclva;BWM;Carlton Reynolds;1981-11-23;FCEFACFFEFACFAA;0177 7356909002;no
NEYO8C;xb8eh4c28x;MAZDA;Jackie Rodriquez;1977-02-17;CEACFACCFAAFAAA;0160 5284275799;no
V11XSX;q9aw8d8cpj;TESLA;Glen Hardy;1978-12-26;FAEEACAAAFEEEAF;0151 5954032560;no
VMSFWC;tm3d41pv27;TOYOTA;Alfonso Harmon;1985-03-08;EEFFCACFCAEEAFE;0179 9362786774;no
20YUYB;tb24m7bndx;LEXUS;Terrence Graham;1989-09-14;ECAACFCEFCEAAAE;0171 8897782803;no
3GVJQY;hekuqsjy82;MAZDA;Sidney Watson;1970-01-12;EAFCEAAEAACECAF;0160 3876101234;no
9964MY;ok1o8ipzjl;MERCEDES-BENZ;Alton Maldonado;1956-12-26;CFFFAAAAFCCEAFF;0151 6347287520;no
RMHMQN;y1lsjnsnor;ASTON MARTIN;Amos Wilson;1953-10-09;AFECACAEACCAFAF;0175 6006088962;no
ZKUS9I;kvbr20xeyk;LEXUS;Bessie Martinez;1954-12-22;CFACFACACFCEFAF;0162 8291647911;no
3DPM0V;k4ayba3xbk;VOLKSWAGEN;Winston Jensen;1958-09-01;FCFFCEFCAEEAAFF;0151 2725170838;no
2852SH;6rgoejs3d0;ASTON MARTIN;Sandra Jackson;1989-12-11;FCFCEECFEFAFCAC;0171 5356912218;no
KBOHAO;bpvfwqban6;HONDA;Loretta Pena;1994-04-04;AAFEAEEFCAFFAAF;0179 7786210847;no
SVBSQT;ikttzahvbo;ASTON MARTIN;Jaime King;1998-08-05;FCACACFAEFCECEE;0177 2127544413;no
PLV5G4;z5mm9d1asz;PORSCHE;Matt Simon;1986-10-16;AFCCFECCFFAFCEE;0151 1589298544;no
TG4L2L;ygby7gq4hj;MAZDA;Henrietta Chapman;1996-11-22;CFCFAFFACECACAF;0177 1617126788;no
VGUYSL;yjsdle43hs;BWM;Brandy Bowen;1955-08-10;FEEAFCFAFCFFAAA;0171 1754150974;no
EHXS4Q;tf1k0nknjy;LEXUS;Cesar Gonzalez;1970-03-04;EAEEFEFFFFEAEEF;0162 9437646618;no
PTGT1B;oefk3dttyn;JAGUAR;Claudia Davidson;1985-07-26;CFAECACAAFECACA;0151 5253227890;no
X86WYU;v3nevrywql;HONDA;Shelly Simpson;1952-01-16;CFCFFCACACAFEAA;0151 1403128079;no
375J0F;up8p0ziqk9;ASTON MARTIN;Monica Luna;1963-05-24;EAFFCCCAECCFCCA;0162 9449829553;no
UX9LEH;cnr12up705;JAGUAR;Tami Taylor;1989-12-15;AEEEECAFCEFAFCC;0178 3023585206;no
PWBLCW;mmo21jsjh9;MERCEDES-BENZ;Gordon Castro;1963-06-20;EAAEECFACEACEAF;0178 6246181137;no
1MN6RB;hccea0ry7w;MAZDA;Dianna Wilkins;1986-10-21;CCFCEEFFFCFFEFE;0179 2965685169;no
73QDMZ;zl6n3dapim;BWM;Cristina Pratt;1951-04-18;CFFCEEFCEFCFCCF;0170 8069216787;no
XULDEZ;cvp3061ozc;BWM;Joey Wade;1973-02-22;CAAEFCCCEEEFEAF;0171 6576625492;no
UF8R1N;qu9hck8fjx;PORSCHE;Tiffany Fitzgerald;1981-03-07;CEFCAEECFAFAFFE;0179 7923614978;no
DM5TAE;n5d6jdixc1;AUDI;Genevieve Holmes;1980-10-25;EEFECECAAAAECAE;0160 4074419361;no
Z47DW2;jhz5ux9auj;BWM;Ryan Evans;1984-10-05;ACFEAECCECCEFFF;0175 6430765899;no
ZUWMLY;w2zvomu6ep;VOLKSWAGEN;Amber Bailey;1978-05-03;AAECAAEFAFFFCAE;0160 6080549350;no
EZW1Y6;00jq5ovi6r;PORSCHE;Shane Guerrero;1973-12-03;FECFECCCFAAFCAE;0162 7800050397;no
TFOG70;81fvo4gj9u;VOLKSWAGEN;Marsha Payne;1977-04-04;FFAFAEFEEEAFFCF;0160 7696779076;no
VZ7HDD;the80dy7wt;LEXUS;Kevin Moody;1969-05-05;EEEACCFEECACFEA;0177 7027241455;no
DYIJ0Y;d0snf2j2r9;MAZDA;Penny Howell;1967-09-01;CAEECCECECECEAE;0160 3125635920;no
OODKP1;gl5xvg5qbp;LEXUS;Rex Greene;1968-05-25;FECAEFAAEEEAEFF;0170 3313669268;no
MV230L;oqnjpf8w0k;BWM;Archie Mcgee;1994-08-22;AECAEFCCCCFACFC;0160 9770286915;no
2753PQ;1bc96bb985;PORSCHE;Nina Richardson;1985-10-15;ACFFFACCAEEEAEF;0170 3062580727;no
X4TVZ8;f6c0yo91lu;TOYOTA;Camille Weaver;1950-01-12;FCECAEFACFAAAFC;0151 2104951432;no
SE45JN;b58zbb7shd;BWM;Marcella Woods;1988-01-27;FFEFCAFAFFFCEEF;0160 6102203549;no
DHY81A;cuc4o2lnkg;TOYOTA;Beulah Graves;1954-05-05;ECCEAFACFAECFFE;0170 9958410180;no
IM678B;kklldxr23d;PORSCHE;Dewey Reid;1998-11-13;CCAAFCECEECAEAA;0175 1650774755;no
TLUW1N;jfze9dthhy;VOLKSWAGEN;Clark Guzman;1976-11-30;FAECACAEEFFFACC;0175 7442042099;no
8CJW5E;2hbi8v9643;BWM;Sophia Griffin;1990-07-13;CCACAACEACAEACC;0173 3990347570;no
50C6OX;o66ry9n7a5;TOYOTA;Laurie Tucker;1992-05-15;FCAEFCAFFCCAEAE;0151 1373125145;no
6Z8RWU;wjxyed0zm9;MERCEDES-BENZ;Simon Francis;1992-08-25;FCAEEAEFFAFFFFA;0171 4143073660;no
UVHBGM;aljp2bzooo;VOLKSWAGEN;Guillermo Park;1965-09-26;AECFAEAFEAFACAE;0173 5372212438;no
2X7E9B;icgy5afbnj;VOLKSWAGEN;Patrick Foster;1972-10-19;ECAEAEECCCFAFCC;0178 3921708080;no
DSOIRI;1gu2u3ph4l;MERCEDES-BENZ;Yolanda Patrick;1979-09-30;EFEECEACFEFFEFE;0162 4958265544;no
9AXDDE;fkcyzed9j6;ASTON MARTIN;Sara Brady;1970-02-01;AECEFEEFFCEACEC;0151 2661701810;no
QMP9DJ;3stwqplu60;PORSCHE;Victoria Floyd;1973-08-23;CCCFCFECCAFCEEA;0162 8888633595;no
HD5GHV;6diu6k5mx3;LEXUS;Willis Carter;1977-07-20;CAFFCFFAFCFEFAE;0179 8711852988;yes
8W9TAO;aa3odmrvel;AUDI;Gail Gibson;2002-06-13;AFEAAACAECAFEAA;0175 9931445205;no
ES1DGD;d96f5s69d8;ASTON MARTIN;Mercedes Hammond;1963-02-02;CCCECEAFAEFCACA;0162 8362811390;no
6P9SHA;yc8pep9ibo;TOYOTA;Charles Frazier;2001-06-14;FEAEECAFAAFEECF;0171 5060526645;no
JF8KKW;ix7xbip54d;LEXUS;Benjamin Townsend;1974-04-03;CEACFECEACCECEC;0151 9825031024;no
H582VT;19sa089thz;PORSCHE;Eloise Pope;1978-09-21;CCCCEEEEFEAAEFC;0170 2425651394;no
H0E5K3;76pm0h2p39;TESLA;Dolores Berry;2001-07-06;AECFAFECCACCEFE;0173 6795830476;no
W7WM08;frjtej7z62;LEXUS;Meredith Carpenter;1974-07-18;ACAFAAFEAFFCFCA;0173 1603471695;no
N1NN0J;egejz6kz64;TESLA;Marion Sims;1992-11-17;EFEFACEEAFFACAF;0173 2825326447;no
31IL8J;7rduwogjf3;HONDA;Bryan Wise;1979-06-21;EFECCCCAEAACCFF;0151 6224007347;no
C55TPI;i16ehb2slw;MERCEDES-BENZ;Delia West;1964-11-15;AEFFCCAFFEAFFEC;0178 5077086364;no
3R7VIF;vzoccpe2jf;ASTON MARTIN;Clifton Alvarez;1991-08-23;CAEAFAEEEAAECFA;0171 9159114483;no
MYO6B5;6hineo5ngc;MERCEDES-BENZ;Brent Mckenzie;1988-09-26;FECCEFEFCCACEEE;0170 1606217958;no
MXN2F1;t0slva7b77;LEXUS;Christy Rodriguez;1975-10-02;ACCFECFFECAFAAE;0175 9227022198;no
THDAGP;r3etzzljs4;BWM;Bruce Porter;1951-03-04;FFFAEECAAFFAAEF;0170 8323274163;no
1JSAQY;v8u0z5l3e3;MERCEDES-BENZ;Sylvia Hunt;1979-05-22;FFFAAEEECCFFAAC;0162 7438759464;no
FW3EQF;3vol6fl7n7;TESLA;Meghan Hanson;1992-05-13;FECFFFEFFFCFCFF;0177 5381475159;no
7DGAEZ;4bt52sahnv;ASTON MARTIN;Samantha Peters;1994-09-11;EAAAAACAFCCFEEF;0162 4988117548;no
3O18PX;yrlbqc22wq;ASTON MARTIN;Jorge Gardner;1994-11-15;EAFFECFECECCAAE;0171 6454332573;no
FG8VOU;5wfhup6299;PORSCHE;Marian Gray;1950-04-26;AFFEFFAAEFFFFAC;0170 8291834848;no
H7RXG4;8h0u872xis;LEXUS;Opal Little;1979-10-21;CAACCFFAECAFFEA;0178 4253498628;no
W27U2N;qrzdek2ys1;BWM;Yvette Wheeler;1966-07-09;EAFCFAEACCFAFAA;0175 6893244567;no
KTGHQI;2h6rgmguh4;BWM;Lana Byrd;1984-01-16;AECECFFCEFFFFAE;0175 1122079532;no
2P23R1;6lb1b0bpj9;LEXUS;Jan Lane;2001-03-23;EAEAACCFAACAEEC;0151 9167794729;no
354KRS;olyjbs3spg;HONDA;Terry Lawrence;1994-05-15;FECAEFECAFAFECA;0151 3065347817;no
1QYF0R;p5ggq8qbwn;JAGUAR;Kellie Wolfe;1987-09-09;AEECEFACAFCCCFC;0173 1500804101;no
CREMSW;d6xu6oy1tm;BWM;Jeanne Armstrong;1972-09-19;ECFFCFFFFFCCFAA;0160 4849272622;no
YBUCV0;qn0fx876g6;TOYOTA;Mathew Cohen;1985-03-03;ACEFFCEFEFCAFCC;0179 7279956471;no
PYRNXR;ts2r78j4ln;JAGUAR;Vicki Davis;1973-04-28;CEAEAACAAFFFECC;0179 5003538091;no
MMZP6J;o28x0p47j3;MERCEDES-BENZ;Rolando Lloyd;1978-10-02;EEACEECEFFECCAA;0170 1815271465;no
N09MCE;coi0gvq1xr;VOLKSWAGEN;Robyn Bell;2001-01-30;FECCCEFAFECCACC;0171 6672191353;no
RLKLS6;lb6kcc34zt;HONDA;Emanuel Adkins;2002-07-25;CCCAFCEECAEFAFF;0177 9630288930;no
MG4MMZ;dkjdptwcn4;TESLA;Dana Barton;1991-06-10;AAAEAAFAAAACCCA;0151 2044282361;no
QANNGW;wo3yzpibbd;ASTON MARTIN;Jason Reeves;1983-05-15;EACCAAEFACCFCCA;0162 2241663161;no
NS54I0;49cqka8o1p;AUDI;Jodi Shaw;2000-07-18;AAAACFEAFFFFFAA;0173 5385251948;no
KES1N2;r687k9hnq2;ASTON MARTIN;Doreen Stewart;1960-03-17;FEFAEAECFEEEFFA;0173 8956256994;no
CURNO5;389n6qd5lc;MAZDA;Margie Rivera;1961-04-30;AFAEECFEECCFAAE;0177 3962389725;no
5BY2J2;o12bp2aptg;AUDI;Olivia Osborne;1979-06-12;FAFEAFFFAFCCEAF;0160 7859172694;no
G87P5E;ktenr5mn97;MAZDA;Wendy Banks;1984-12-23;EAFACCACAEFCFAF;0179 1307438275;no
Z7MQHX;4awkx2400j;MAZDA;Blanca Brooks;1966-07-22;AFCAAECCFECEFCA;0162 3455364596;no
DK435J;b8az075bf8;JAGUAR;Candice Hamilton;1968-03-16;CAFFAFECAEFCCAF;0160 7540944004;no
DZ8B9G;b83g08kpj6;TESLA;Evelyn Burns;1965-11-06;ECEFFFAFFCCCEFE;0179 1985553064;no
QG7ROU;jui2whuz9v;MERCEDES-BENZ;Noel Baker;1970-01-20;EFAAECEAAAFEEAE;0170 2445263995;no
0ZGUC7;f12ww9fw4q;VOLKSWAGEN;Jamie Cobb;1977-06-13;FFCCCEEAFCFEECF;0179 3630835428;no
LV6FZN;0f608nndx4;JAGUAR;Brandi Curtis;1955-11-30;EFCAAAACACCFEAE;0171 4363625125;no
8BSKBO;iqikh41kcz;TESLA;Phil Griffin;1964-06-21;ACFFFFEEECEEEFF;0171 2973932770;no
C7VOQ6;2pqww9x9sk;HONDA;Melody Fleming;1971-07-11;FACEEFFACEEFCFC;0160 3654828146;no
MZDQGB;ecwutg6z2u;BWM;Sally Sutton;1992-04-01;ECAEFEFCEFEFECF;0175 6714923461;no
5EVT38;7jv7jofox9;BWM;Anthony Jones;1962-02-15;EECEEAEACEEFCCF;0177 3957780906;no
X8VMNQ;4g37n28ftc;HONDA;Alma Flores;1982-06-23;EFEEECCFEEEAFFA;0151 1672387521;no
4ZUP9Z;kmt6gqsr67;LEXUS;Mitchell Rose;1957-06-27;EAEAFEFFEEAAEEE;0171 8212597435;no
KRVYF7;pkdcrfa3cr;AUDI;Cornelius Maldonado;2001-12-28;CFEFFECAECAECFF;0151 2335847311;no
RFKSQM;v3f9dokrd2;JAGUAR;Bobby Tucker;1981-06-19;ACFECCCECFCAECC;0175 3379765309;no
WH7BFI;awftd03l5y;PORSCHE;Ricardo Murray;1954-07-14;FAFAEECFFEFCAAE;0151 3972136541;no
ENXC9T;ofl4kayka8;LEXUS;Nick Dean;1986-11-07;EEAFEFECFAFFCCC;0178 9312287597;no
RCVLTU;7pgkieom5q;TESLA;Brett Wheeler;1986-07-14;FAFAECCCEAAFAAA;0173 3949536817;no
6WPPG1;m7hqa2eit8;ASTON MARTIN;Toni Rios;1960-02-13;CECCCCCFCFCEACC;0175 4601412422;no
CRHRB1;90t05b1my5;MAZDA;Oliver Wallace;1968-09-20;ACFEFAAFCAACAFF;0171 2339702789;no
N5CHV9;ruvcx13a1q;PORSCHE;Brandy Reed;1996-12-29;EEAFCCAEEEFECEA;0173 1374757868;no
HSQAG4;an4t8bc6ya;MERCEDES-BENZ;Karl Bryan;1957-02-03;ACAEACCFCCFFEEE;0162 2034177363;no
FYIT6R;k40yywl0zr;PORSCHE;Dale Carroll;1983-05-04;FFFCEAACEAEFFEC;0162 5386163550;no
8O1I6U;d851kqftxz;JAGUAR;Jacquelyn Garza;1968-04-28;FAAEAECACAAFCAA;0173 7623583459;no
J0PFQJ;vv7e9qpd0t;JAGUAR;Jeannie Hayes;1987-09-19;FCFCEFFEEFEEAEE;0175 7209165865;no
3GDDZ3;ujdpx2cqeh;BWM;Gertrude Harris;1970-09-26;AFEAFAEECCACFCF;0162 8602996643;no
MDMBQ6;4rkdqjc38t;PORSCHE;Tricia Padilla;1982-07-18;EFECEFACEECAEEE;0173 9850554391;no
1YFE4H;e20ot4pn29;PORSCHE;Jay Rodriguez;1959-11-13;ACAEAEEAFEAAEFE;0178 8252332726;no
82DC9B;yii8srz944;AUDI;Ada White;1975-10-08;FFCECAEEACAAECE;0179 7531833503;no
EG9A2X;3ax7mn25qi;TOYOTA;Jean Johnson;1968-03-19;CAEAAFFACCCFCFE;0177 1517943664;no
E7FKRE;ig89kk4365;BWM;Marty Dawson;1987-07-31;CFCAAEEACFFEEAA;0177 9475911023;no
8WRO8Y;sacrk5rlmj;PORSCHE;Derek Osborne;1965-07-21;CCEEFACCEFFCFFF;0162 7577729469;no
W8FPQL;kzftodckgm;MAZDA;Clint Vega;1957-08-24;AFECEEECCEACAFA;0160 1438709598;no
TUY0BT;qk2wq8wnjo;JAGUAR;Joanna Jackson;1966-09-23;EEFCEEEFCCEEFFE;0171 4991871515;no
3T8R9D;q1tu09ccua;VOLKSWAGEN;Christian Stokes;1992-11-11;AAEEEEEACCEFAFF;0179 4558050953;no
PBNDGH;4n7fh7mphk;JAGUAR;Phillip Hunt;1998-01-29;CEECCFECFECFAEC;0173 5671651424;no
VUV1CQ;hhk5e8kcjm;VOLKSWAGEN;Inez Mccoy;1997-06-24;FAEAFCCFFFFCACC;0178 1146503794;no
4XIJ2R;188zojkprl;MERCEDES-BENZ;Rafael Gray;1957-05-22;EEEFFEEAFACCFFE;0160 4196349083;no
42YK4R;4ailowg44b;MERCEDES-BENZ;Marlene Russell;1977-02-27;CEFCAECCEECAAEE;0170 4203222819;no
F92L3O;iks06krntv;PORSCHE;Marco Martin;1983-12-03;ACEFCCCFCFCEFAE;0175 6779675258;no
82I5ZG;hgmv40zqt6;ASTON MARTIN;Elijah Brewer;1971-01-03;ACCCCCAEFEAAAAA;0162 1473047744;no
51FAT9;2u3vzdvd1f;LEXUS;Patrick Moran;1968-02-04;ECAEFECEAAEFAEF;0177 3633645307;no
AJ6WXT;xd2158d4ty;LEXUS;Boyd Walker;1976-01-31;ECFCECACCFEAFCE;0162 9284896516;no
WS1WBP;be4qms735e;HONDA;Alex Blake;1973-06-27;CFAFAFFFCAFCACA;0171 5215802291;no
4RDPVY;migh8hv6us;MAZDA;Isaac Quinn;1974-03-17;EEFEFAFEEACACFF;0175 3648017862;no
VTGUFK;zgvnj52nwe;BWM;Lola Owen;2002-09-30;FEFAFCCAEAAEEAE;0175 3771297752;no
601ZJ7;9wqy46m6hs;TOYOTA;Clifford Bush;1995-04-28;EFACEFEEAEFFCCF;0151 6213162430;no
0ED625;y2bwsku333;TESLA;Rodolfo Carson;1991-04-28;FFCACFFAAEAEFEE;0178 3579130587;no
ZCCVLR;ptf8u1p95p;LEXUS;Yolanda Collier;1988-07-19;FCCFFECCEFCCCCC;0175 3569183437;no
NNZYLK;4shnx3t2o5;HONDA;Vernon Luna;1994-03-11;AFAEECAACFFACFE;0178 8372769137;no
J7IRYP;qxn8y1947u;PORSCHE;Daniel Harrison;1979-12-26;ECAEAACFAEECFAE;0151 5138112094;no
ZRXV1C;m5ts1xv7ag;ASTON MARTIN;Lamar Warren;1994-03-16;ACAEECCCEAEEAEF;0151 5347527138;no
97HLO0;d3lqsenvqx;TOYOTA;Albert Cortez;1985-07-27;CCACCFCFAFCCFAF;0175 1702352070;no
XLS4CV;slj4qysk30;HONDA;Erika Douglas;1979-05-17;EAEAEACFEFAAAAE;0160 9431098738;no
QQ8E3T;9slxi9mogj;MAZDA;Madeline Long;1979-08-05;CEAEFACEECAFECF;0175 5024467496;no
MV6CON;vgv8t83crg;HONDA;Ollie Robinson;1981-02-19;FFCFACEFFCEEFAE;0171 7493562950;no
G5RLBY;9ljhs6rerh;MERCEDES-BENZ;Darnell George;1989-11-18;AEFCFCCCACFEAAA;0160 3529352779;no
3NHAEO;w8osb2zq3l;LEXUS;Stacey Alexander;1952-04-22;ACFFEECCFAEFFCE;0171 4425115117;no
EZU1JS;6x9bk4m0rn;MAZDA;Noel Wagner;1965-01-10;AEFFFFEAFFAEEEA;0179 8532251794;no
CIHRMD;hitziu5dii;ASTON MARTIN;Kurt Cook;1967-01-17;FCCEAEFFAECAEAC;0175 8006135400;no
2MSLZZ;6b7hhy1ty8;MAZDA;Nicholas Banks;1990-10-04;ACAECAFAFFEFCFF;0173 6061102041;no
QX0GGZ;6y1nk3u68a;TOYOTA;Leroy Maxwell;1971-01-25;CAFEEECFCFEAFFA;0170 6105183520;no
5P55UZ;bgnicnomzo;MAZDA;Lillie Bailey;1956-06-21;FCACFCFECAACCEF;0151 8115853937;no
ZT77TY;3fqg2i9jqt;AUDI;Arlene Alvarado;1993-10-16;AFCCCAACCAAFCEF;0160 6355336349;no
HTDE1Z;4q215xaa5p;LEXUS;Perry Pierce;2001-09-21;FEFCEECFFEEEEFF;0160 3799217110;no
HEY1P1;9oi2vufp19;TESLA;Della Beck;1970-05-29;FAACCEEACFCECAF;0171 8570794693;no
P07QAA;072bn4sj3d;MAZDA;Kerry Little;1993-12-01;CAFAEACEECFEEFF;0177 9666297987;no
H1GHVL;iu66cikpza;AUDI;Donald Torres;1969-12-31;CEFACEEFCAACAFC;0160 1078628872;no
CURNHF;3r6et5vc8l;BWM;Carole Becker;1988-04-30;FCECEEECCFFAAAC;0170 6562435407;no
EICF54;65xs2k20jd;LEXUS;Alexis Mills;1979-10-02;FCEFAFAEAFFFAFC;0151 6700652455;no
OARSQB;e5g0kmk903;JAGUAR;Virgil Blair;1950-04-10;ECFFACAACEECCCE;0160 6123922618;no
LF18JQ;1xll8v9tt8;JAGUAR;Betty Mcbride;1990-05-21;AEECCEFFAEACCEA;0171 2829540953;no
MQFRLW;pctunp42d1;TOYOTA;Ted Neal;1984-11-20;EAEFAFAFACEAFAA;0160 7146896953;no
B41JKD;t0e0zjy511;ASTON MARTIN;Esther Larson;1977-02-01;AEFCAAEAFFEEEFE;0170 5214183298;no
549GPY;gbn86vmm2o;ASTON MARTIN;Lisa Lawrence;1950-10-01;CCEEAACFFCCAECC;0170 1464671802;no
10B18K;mkf4c3mobo;AUDI;Elsa Henderson;1987-06-05;CCCCCCCAEAFAAEA;0162 9150089871;no
WKCWTU;3p856qrmtw;TESLA;Sylvester Mullins;1999-09-26;FCAEEFCEEEFCAAA;0171 5289147121;no
VN83XN;onz0ysran4;AUDI;Velma Gregory;1996-12-12;CEEFAAFCEFACFAE;0177 5726483446;no
6UE0L7;ny2i8qkj5o;HONDA;Tonya Ruiz;1977-09-22;CEFACCCECCFEFCC;0162 2329331351;no
LGUTXQ;l8df1owsnc;ASTON MARTIN;Cindy Nichols;1957-06-29;AACCCAACCCACFCC;0178 9990544041;no
YKORI3;dste9mx3qt;PORSCHE;Jeff Wood;1963-12-23;ACCCEAECFEFCECA;0151 4159552938;no
N3ICYP;06w3o763x6;VOLKSWAGEN;Ralph Phelps;1953-09-22;EFCEFFFFAEAEEFC;0177 6363769784;no
ZDHKWN;lf8gc9lnoq;TESLA;Wilson Ramos;1985-12-02;EAFEEFAECFECCFE;0173 6187327652;no
7J9GMU;sq5u9mx226;BWM;Susan Mclaughlin;2000-06-03;AFACAFAFCAECEEF;0177 3595156801;no
47SW59;hajgqi9q5o;LEXUS;Joseph Robbins;1965-02-17;CFECCEAFACCFEAC;0151 8934991534;no
8IB5LB;oo9syqemj5;JAGUAR;Lindsay Hamilton;1995-11-24;AEECACAEEEEAEFA;0151 5397034346;no
YNYED7;fowherqkuv;MAZDA;Annie Palmer;1985-05-06;FFFCCCEAAAAFCEC;0173 6714536106;no
K11A8E;0iivw5q7ks;HONDA;Lynn Fuller;1955-01-10;AEACEEFAAAACACA;0162 3142163622;no
OLQA8L;hew1jtofym;TESLA;Francis Welch;1963-06-09;AAAEAAAEAFEAECA;0178 2203525231;no
17W88Q;0waz2u48hu;MAZDA;Elaine Hines;1950-05-24;AAACEAFEEFACCAC;0179 8239482553;no
SXUWBF;k8n0sqnyta;MAZDA;Emilio Kennedy;1975-02-23;AFFAAAFACEFECFE;0173 2475163109;no
F780RD;xiwu5xldp7;MAZDA;Adrian Mccormick;1976-03-02;CECACACEAEFEEAF;0162 2498789358;no
JWE6SD;acp7hr48ru;LEXUS;Ben Griffith;1984-07-27;FAAAFCACACCEEFA;0151 9535826170;no
8ATERC;lqx7rapqlq;BWM;Travis Chavez;1988-10-21;AEFCEAEAFEAFFEF;0175 5577086318;no
F6OL01;8swnv8gosu;PORSCHE;Chad Terry;1999-08-01;FCACCAAFAFCACFA;0151 3451539697;no
FIOFLN;1d55icj049;TESLA;Arnold Herrera;2002-01-01;EEFFEFCEFEAFCAA;0162 5830604105;no
MYWR3W;rjupb8r3h7;TOYOTA;Clyde Sherman;1998-12-11;AFECFFACCCEFACF;0160 5771819652;no
T2PSBB;9bse9jqpo6;LEXUS;Gladys Riley;1954-07-28;AAFFEEAFACECCEE;0171 8826565825;no
ID2D1W;let13zpnn5;BWM;Francis Reyes;1987-01-17;ACCACFEECFAACAC;0173 5344918554;no
BMUO05;47w6zywilv;AUDI;Diana Frazier;1975-12-30;EECCAEEEEFACCAE;0170 4698114664;no
MFTFUZ;amrc6koq8g;MERCEDES-BENZ;Marion Ball;1957-11-02;FEACEEAFFAAFAFA;0175 3446914801;no
79N7KD;2li1gj5oo8;MERCEDES-BENZ;Angel Hoffman;1965-05-01;FAFFEAEFCEFEAAC;0175 8539430170;no
ZW15MI;usy9hfk6jp;HONDA;Ray Rice;1968-04-06;ACECCFCFFFFAEAF;0170 9369074278;no
HQFX3M;33yqehwv1r;MAZDA;Roger Nash;1963-07-03;ACAAFAFFEEEACFE;0173 3628275152;no
ILP26K;g43w5b6b33;LEXUS;Lillian Harper;1985-05-22;CCEAFCACCCFECEC;0151 1466178383;no
5NWR7D;e6vjz3w52p;PORSCHE;Kerry Thompson;1962-12-14;CEFECCFFAAEECCF;0175 4005152060;no
RWSQ0R;ke44kp25i5;BWM;Brittany Bell;1970-11-30;EECAAFFCEAFEAAC;0179 6545943123;no
VC4J9H;b6vkzb1fa7;JAGUAR;Kristina Drake;1953-12-04;AFFFFFFFAFEAEFC;0173 8337094459;no
OKQ3HZ;jg5612vk88;BWM;Shannon Maxwell;1970-10-26;CEEECEFEAACAACA;0177 8594982225;no
B90JRW;te4zwwzi2d;PORSCHE;Jamie Johnson;1960-12-22;AAFCAACFFCFACEA;0177 1306966916;no
0SP3QE;1ynn3i9g4k;MERCEDES-BENZ;Miriam Lynch;1967-08-13;EACEEAEECFECEEF;0179 3673704652;no
VMXQXL;1ep54z8ee8;MAZDA;Silvia Allen;1989-03-16;AFECAAAFAAAACEE;0179 6700191712;no
IXYS2K;whqdfwpyyu;TOYOTA;Anita Hampton;1956-08-14;FACEAAEFECFAFAF;0170 8138229872;no
THO3X6;fvvm5s6wrd;TOYOTA;Bertha Carlson;2001-03-14;EEEAAAEAAAFACEC;0175 3443115581;no
JDRUSS;rx625pxze2;PORSCHE;Bobbie Romero;1980-07-18;AEFCCCEEFAEFCCF;0177 6786022584;no
MU2XSV;n2e16n3m4u;HONDA;Bridget Bowers;2000-03-06;EACCCCAEEEEEACE;0171 6857663124;no
7ATBOX;e541bodmih;HONDA;Bernice Walker;1977-06-15;CFFACFFACECEAAA;0178 5549961075;no
0MXSNG;ufsq6dlddv;AUDI;Joe Garza;1973-11-25;FFECFFCCEFAAACF;0175 6502942740;no
4GZXFC;mqx9pggz1y;HONDA;Marsha Fuller;1958-07-10;ACFFAFFECAAAAFF;0178 6137292686;no
PXRDFN;dhs92ib6wj;ASTON MARTIN;Earnest Sanders;1991-10-27;CAAAEECCCFAFEFC;0162 9429416678;no
XU9SYB;0b25xtomxo;AUDI;Micheal Hopkins;1989-10-29;CFAFEFFAEEEFCCA;0162 7976964401;no
0U6UBM;l9bxomlm24;JAGUAR;Carlton Todd;1991-02-25;ECEFFAFFFEEEEEC;0170 7366845938;no
UCU2U0;bmqagxbav7;VOLKSWAGEN;Janis Cox;1973-08-06;FAFEFAFAFEACCFA;0173 7896522893;no
C3EHB1;uxi1b3cp06;JAGUAR;Randy Estrada;1966-05-27;FEEFAEAFFEFEFCE;0175 2748123662;no
28VRGY;tljnry19u9;PORSCHE;Ted Turner;1950-05-16;EFCFFAEACFAEAEE;0179 5586325195;no
RBGZ3T;45y4s4oi2j;PORSCHE;Doreen Franklin;1999-08-28;CAFCAAFCAFEEEEA;0179 8869260154;no
3EQTYG;std7doe9oh;TESLA;Patti Hodges;1988-05-30;FCACAACCACAECEF;0178 3009825212;no
9CSGOF;lp1z7sl9tw;HONDA;Muriel Sullivan;1964-12-11;AAFACACFFCCEFEC;0162 3032142207;no
HXYBDV;lnkf9xd0dj;TESLA;Lee Taylor;1995-04-20;AEFFCCCAAFAECEA;0160 4752665103;no
44VWKC;v6eajssbc4;VOLKSWAGEN;Johanna Lewis;1957-12-03;AAEFECFAAEEAFFF;0151 1581078548;no
ENY3KM;mbx0yj3ukl;AUDI;Percy Glover;1988-12-09;EFCAFAEFCAAEAFA;0162 6386005647;no
4WWPXA;194igrqhvi;JAGUAR;Traci Singleton;1985-03-20;AFFFAFFEFAACACC;0177 2032202670;no
IER9IK;exy2ultsq5;PORSCHE;Karen Bailey;1974-03-06;EAFEEAAFCECEFCE;0171 1044090687;no
YEZ04T;ifngmp1tjy;MERCEDES-BENZ;Suzanne Silva;1995-07-02;EEEEEECCEAAFCCF;0179 7353445932;no
38IUR3;1nztx0meqn;JAGUAR;Terrell Castillo;1954-05-19;CFACACEFEEAFAAA;0171 6751883118;no
PIVW7G;9f0f9n3dk5;LEXUS;Wilma Warner;1978-05-20;FCAEFCFCAFCAACA;0171 5024936733;no
DSVEFH;8ti0i499nx;MERCEDES-BENZ;Dolores Holland;1977-02-07;FFFFCFCEAAFCAAF;0175 5840806307;no
KDMYRX;595sct6ink;PORSCHE;Casey Nunez;1957-06-04;CFAEAFAAFAEFAFE;0170 9764981216;no
1XUIDW;2c6ima244c;MERCEDES-BENZ;Spencer Wallace;1973-08-27;CCFCFACFEFEEECF;0170 8033109008;no
F4HAS6;iscancmefl;MERCEDES-BENZ;Kelly Lamb;1984-08-18;CCAFCCCECFEEFAE;0179 2325834491;no
2E2OQX;wdz3qld22b;VOLKSWAGEN;Sheri West;1954-08-03;CAAACFCACCFCCEE;0162 7785506957;no
XSMTI1;cb727tufwn;ASTON MARTIN;Darla Stevenson;1974-08-03;ECCACEECCCEFECA;0179 3028969046;no
4XSIKT;6kwzss40nm;JAGUAR;Jeannie Reed;1998-10-09;AAAFAECCFEEAACA;0151 4040618657;no
TK3Z81;fvtkzpsxrk;TESLA;Wilbert Wolfe;1998-07-23;AEAFFEFCCAEECFA;0160 4649467382;no
158BGE;o07wgmnx0p;HONDA;Cedric Leonard;1999-07-27;CFAAAFAFCEEEEFC;0171 4773233379;no
N6ZSO9;hrundqv3kd;AUDI;Tracey Schmidt;1980-09-22;EAAAEECFCEEFFFC;0178 9538430377;no
3W555J;4mhgeitdtj;MERCEDES-BENZ;Bernadette Hanson;1970-05-24;AAFCCAECCAAFECC;0177 1438834113;no
QXIIDT;m9nz3cfsne;VOLKSWAGEN;Dana Ramos;1989-10-07;CEFEAFEFAEAAFAE;0178 6396724358;no
1TUIG9;kyyaqrandj;AUDI;Charlie Patterson;1961-07-17;CEEFCEAFCCEFCCF;0179 4981502711;no
GZH6K6;pzppq6d0pi;PORSCHE;Jerald Klein;1960-09-10;FCFCACCFCACACCA;0170 9129500384;no
0DDKGE;pj5xcujdql;MERCEDES-BENZ;Ivan Hansen;1968-07-08;EFECCACFAECFAFC;0171 6347051920;no
FRQB8U;4edap4qfbh;TOYOTA;Josephine Watts;1951-06-24;CCEACCAAAFECCEF;0170 7540188534;no
J1NFPB;skcbcd654n;TESLA;Esther Santiago;1952-05-29;EAFCFCCAFFCECFF;0171 2979613598;no
SCQHO7;0mcj8xz6zw;TOYOTA;Jason Briggs;1990-10-30;ECCECAAFCECCCFA;0162 9667933654;no
OTJXPS;f1h2dmuhdf;MERCEDES-BENZ;Craig Shelton;1981-06-24;CACAEACCCFECFCF;0179 3874849429;no
LQMHS0;iujc0zftu2;AUDI;Dwight Thornton;1967-10-04;FFCFEAACEFACFAA;0178 4800283722;no
MELAJ8;08q98gbggq;AUDI;Nancy Hernandez;1972-01-23;FEAFCCACEACECAC;0175 8374028910;no
J7BOOF;shlcectev9;AUDI;Lawrence Howard;1996-08-21;ECEEFCEFCEEFAEA;0170 4462909010;no
0WZ12L;39s9gbscs4;TOYOTA;Lucia Cruz;1971-05-27;EAFCFCCFEFFEAFE;0160 6810017931;no
MSED8C;eecu614n54;MERCEDES-BENZ;Regina Knight;1950-12-14;AFFCCAFFEFFACCF;0179 5632441748;no
LQ8825;poa3dosnfj;VOLKSWAGEN;Kevin Mccarthy;1972-02-05;CAAFFFFAEFCECAF;0171 5314763922;no
W9FXXF;qzolnzedl4;TOYOTA;Jeremiah Austin;1973-05-19;AEFAFACFAAACEFA;0160 6357157454;no
MA1DYM;dwyhag7tgx;BWM;Shaun Wood;1970-02-23;CFAFCAAFAEEAAFE;0175 1784533012;no
SFARU3;qjwn5ukeei;JAGUAR;Jermaine Alexander;1989-08-22;FEEAAFFEEAFEAFA;0178 4938617617;no
C3KVY8;es5zshe6bv;VOLKSWAGEN;Tracy Rodriguez;1959-08-05;ACEFCEECAEECCFF;0179 8009728502;no
10WV75;hk7esz7e67;VOLKSWAGEN;Monique May;1952-03-30;CFAECFCAAAACCCE;0178 7485526781;no
UGOO1L;6xyitbvdi9;HONDA;Ricardo Sherman;1980-08-01;FCEAFAEAECEFCCE;0175 4470841776;no
KXH4T8;4hzcv2hn0d;MAZDA;Joyce Lindsey;1999-06-18;CECEEAAACCCFAEF;0162 4008623649;no
A0F978;typpi8u5zq;VOLKSWAGEN;Jacqueline Torres;1962-10-10;CEAACAFFEFECCCE;0175 7642244578;no
6W6QWQ;gtw3mfk7s5;MAZDA;Garrett Jacobs;1956-01-26;ECEAFCFCACFFFEF;0170 5881736594;no
7V0ZLU;uud4k6ancr;BWM;Tamara Bradley;1966-08-29;CAAAFCFCCAFFFAC;0173 4642534167;no
FR0P2I;jc2pz7hl8d;TOYOTA;Jordan Washington;1962-07-04;FCEFCEAFCCECFEA;0173 9720097427;no
DF2A3P;ycgsq1x94f;HONDA;Tyler Edwards;1998-05-17;CAEECFECEACFEEA;0170 7897351525;no
UQJLG7;xav99zmc3s;LEXUS;Myrtle Mckenzie;1959-08-06;CFCAEFFEEAEFEAE;0162 3121081818;no
CXJTCP;ap20ndkhdu;MERCEDES-BENZ;Zachary Norton;2000-02-13;FACAFAEFFCACAAC;0173 1082197532;no
HBL8OY;os7gqmsauq;MERCEDES-BENZ;Kathryn Wise;1985-10-18;AEAFFEEFAEEAFFA;0175 4644931723;no
UAVIVM;fi15b13fs5;MERCEDES-BENZ;Joey Gonzales;1972-01-31;CACCCCFCCAECCFC;0179 2038425649;no
L1Z5H2;kzh8yomol3;LEXUS;Irvin Clarke;1956-08-24;CFEFCFFFFCEEFFE;0171 8292538808;no
E6BPX1;r8sbtd1ic8;ASTON MARTIN;Ginger Pope;1974-08-03;AAFEEAAAFAFEEFC;0160 1283149740;no
4D1730;ptlwf5cd4f;AUDI;Nora Jefferson;1999-02-26;FCAECFAFCACFCFF;0170 2436517554;no
DRFFSL;8yqugqhvbq;PORSCHE;Ellen Wilkins;1967-08-31;ECAFAAFCCFFFEAF;0170 7288140868;no
NHV8VN;h9mmlth3uu;TOYOTA;Lisa Ortega;1990-06-22;CFAACACAFCAECEA;0177 9702861905;no
J3D55L;3lfr9ntjmd;MERCEDES-BENZ;Warren Martinez;1969-04-02;FCEAAECCCACAFFE;0175 5515658735;no
W9U1L4;fxkksjqj65;ASTON MARTIN;Sheldon Cannon;1982-04-10;CCEAECAFEAEFEFE;0151 6365437666;no
CLD8WA;zer4t7ymi5;HONDA;Tyrone Farmer;1973-02-24;CAACAFEFEEAFCAC;0160 5028686668;no
A5JGI0;h7t1olutmw;VOLKSWAGEN;Adam Mckinney;1958-03-26;ECCEFEEEFEFAFAA;0171 9480262407;no
77EWQC;k2izggly9v;BWM;Casey Gross;1954-06-21;AFAEFCCCAAAECAC;0173 7610169621;no
HG1DVD;6dihbbp7t7;AUDI;Santiago Reyes;1981-06-05;ECEFFAECAACECEE;0162 7260329354;no
N81P3M;ow53jrx05w;LEXUS;Rodney Cunningham;1984-04-08;FCEAEEFFFFECECE;0175 7361837998;no
ZPXPXX;kjme8tffjr;ASTON MARTIN;Stanley Rose;1964-06-10;CAEACAFFAEEFFFE;0160 4965664577;no
V1ZAFJ;k7rd2551y8;MERCEDES-BENZ;Jake Rogers;1973-07-26;CCFFFACECCAECCF;0179 6864572296;no
SN3KGG;uhuoy7wfwo;TESLA;Natasha Stokes;1981-08-30;CAACECAFAFECACC;0173 1132320867;no
BNFKDF;tqukkhnswm;PORSCHE;Kari Richards;1979-03-21;EFCFCFAECEAACCF;0175 9929486472;no
T3UI05;7a15f1605l;AUDI;Elias Walsh;1976-05-22;AECFEAECEECCCAC;0178 8244018355;no
IB1AD3;4msleyu0sg;JAGUAR;Roland Tucker;1999-04-11;FAEAAAEECEAEEAA;0160 2987316458;no
H4MMEZ;pqw5ey6xag;MAZDA;Shawna Lane;1979-06-13;EAFEFCEFFCEEFAF;0173 6780462334;no
4YUPR7;i69mt7m6vs;HONDA;Matthew Burgess;1962-03-01;AFFFFEFFFAEAEEE;0175 8937959225;no
IBQSVP;6ftsl87c4j;TESLA;Lindsey Robinson;1968-08-20;ACCFACECCECFFEF;0160 4056986125;no
NPSUWS;ibm2w2t79p;MAZDA;Mandy Chandler;1953-06-21;FAEEFECEECFFCEF;0177 1241023460;no
SQEDNX;1gq1hkm007;TOYOTA;Oscar Miles;1967-01-21;CACEFFCEEEAFFEE;0178 3212522449;no
CUBULO;mv32a43h0c;BWM;Nellie Riley;1952-04-05;AACECFFCACFFACC;0178 7107714666;no
GWX2ZX;ucixbptvjy;MAZDA;Gordon Garcia;1962-04-18;AEAFFAEEECEAEEF;0160 3257897526;no
YVJJF6;i7gcuvys89;AUDI;Kathy Larson;1988-08-02;EACCCFCCEAFCFCF;0177 5231083795;no
CQZR9D;7s9p0c327q;TOYOTA;Judith Palmer;1980-02-07;CFEAFFFEEFFFFEA;0171 6504159757;no
142K86;6irdn79o7h;LEXUS;Alma Vasquez;1968-03-12;FAACACAEEFECFCA;0173 1545582544;no
HX3S1X;qz2aqkdc78;ASTON MARTIN;Lorenzo Young;1963-01-23;AFAEACCAAAACFCF;0177 6686596907;no
O2HRVK;o9xaa6x9hr;MERCEDES-BENZ;Irma Woods;1997-06-10;CCAECFCAFFAAFEE;0179 2759478112;no
NSR6XE;b7csvpw61q;PORSCHE;Jesse White;1953-03-19;ECFACFFCAEFAEAF;0178 8909399638;no
4HL3KU;76wplqwwy6;LEXUS;Kristi Collins;1997-04-01;EAEAEEFFFEFAFAC;0175 8698068208;no
PPFNKP;6fdqnoh50b;HONDA;Barry Gibbs;1966-02-11;AFACFACFEAEFEEF;0179 1141459477;no
8GIGJV;rsorbarrft;TESLA;Brandy Hoffman;1985-03-28;FFEFCCCEAFFECAA;0160 2591418381;no
2XAWKA;59tgglwqlu;MERCEDES-BENZ;Christopher Hernandez;1972-08-30;CEAFCAECAFCFAEC;0178 7633853696;no
FERL7E;srmatgheib;MAZDA;Woodrow Kim;1970-12-12;FFACCAAEFEAFCCA;0178 8438460789;no
E7TPBD;76gqwvsuwz;TESLA;Caleb Barnes;1975-04-17;CFCFECFEFCACCEC;0162 9863878751;no
QICIQ7;p1bkuw0xg8;AUDI;Justin Lucas;1965-12-05;ACCCECACFAFAACF;0170 2947721590;no
0Y4J70;tgmogabweg;VOLKSWAGEN;Cathy Benson;1953-10-19;ECCFFAAECAAFEEC;0179 9184104025;no
FV1LG4;kwyztm4jof;VOLKSWAGEN;Fannie Lawrence;1997-10-17;EFAFAEAFACAECAC;0170 8108957414;no
42R4KQ;01ozcue11n;LEXUS;Marcia Underwood;2002-11-07;AACCFFCFAEAEECE;0170 4163154093;no
KVOS6V;um81urxflg;BWM;Stella Gill;1988-12-02;CFEEACEEEFCECFF;0171 2722024117;no
M35DKV;j5wsp9jcs5;HONDA;Blake Cole;1967-04-13;EFCFCAEAAFAFAAF;0177 2658757768;no
4YF8Y6;4pf6n9wv8i;VOLKSWAGEN;Bob Wilkins;1964-05-03;AACEEECCCCCEFCC;0160 8252645376;no
NAVNTM;c9tuqe413s;MAZDA;Camille Watkins;1964-10-06;FAACEFCEEEAEAEF;0177 2627980800;no
XW1YI9;b84mego1a8;VOLKSWAGEN;Everett Wilkerson;1970-05-01;FFCECCCCFAEEFCA;0162 5595448631;no
5L35LO;tmsf2jagpf;MERCEDES-BENZ;Orville Bailey;1955-01-24;CAEFFFFAEEECEEE;0171 2039909205;no
NSUL7X;6ytluuj51t;BWM;Christina Rogers;1965-11-06;CEAEEEFAEEEEECE;0151 5608733696;no
P9ZT8A;l8um7cacju;TESLA;Mildred Silva;1977-07-12;EACCFAEEFCFACFE;0162 5508397026;no
4YC1F8;rdmupcuoew;AUDI;Miriam Becker;1951-05-11;FAEFCAECFACAAEE;0162 8251653673;no
LAGYHM;lpspaybhgk;VOLKSWAGEN;Clara Chavez;1971-12-08;FEAAECFECEECECC;0179 6513110642;no
8HYW3A;pig0xr0i4q;AUDI;Verna Christensen;1981-10-12;CACFCFEAEECAAAF;0171 8082063169;no
LWR9CG;brghr0nx5t;AUDI;Kathy Anderson;1976-07-06;CACAAFEECAFAACE;0178 2389512661;no
WK6G2T;de924u8kiw;PORSCHE;Arlene Williamson;1984-02-07;CFFEEEECEAFCCAF;0160 2223609231;no
YYL1Q4;4qhg9p024n;BWM;Judy Lopez;2002-06-15;ECAAFFCCCFAEAAE;0162 6689316401;no
68KBJK;cbf2qa3q1p;JAGUAR;Norman Hill;1990-10-05;FFAEAEFAECECCFF;0162 1936283026;no
ZBF7HC;0p3jvu2ao4;AUDI;Charlie Cummings;1955-08-09;EFACAFEFAFFECCF;0177 2904370837;no
I9YK1X;ph9frry35o;MERCEDES-BENZ;Ruby Gonzales;2000-03-05;ACCCAFEAFFCEAAC;0175 3907876970;no
Q3RBEK;gx6l9tx6hv;MAZDA;Georgia Curtis;1998-01-07;ACEFFCEEEFFFAEA;0179 2233312899;no
Y8G3YS;88m7c7vyoi;MAZDA;Ted Farmer;1961-07-13;FEEFEACFACAEECC;0171 8356064532;no
7E6GV5;s52pe8p0n0;PORSCHE;Gretchen Mcbride;1969-04-03;FCFCAEEFEECFFCE;0160 2016053223;no
7UIEWG;y8teikbpoz;HONDA;Tommy Meyer;1996-01-09;EFEACFCCEACFEFF;0173 4947922387;no
JIXOBO;cweo8jhxu1;TESLA;Jeanette Blair;1951-11-16;CAAEFCFCCFAECEF;0162 4202404874;no
YIC7G3;jojthqqvf7;BWM;Angie Crawford;1957-11-28;EEEFFCEFCCCCCAF;0175 8689483633;no
TNZVOI;b2kaoa65wg;MERCEDES-BENZ;Shaun Obrien;1977-08-07;EAECFFFACEFEFEE;0171 6903692783;no
8BI3DT;p2j5twz5lx;PORSCHE;Lance Neal;1981-04-03;EEAFCFFECCACEAC;0173 3257500143;no
8H1DJJ;aedhj13aob;TESLA;Sylvester Castillo;1973-11-15;EACFFEACEAFEEFF;0171 2349386267;no
ZPL350;q1ref7umma;JAGUAR;Luis Wong;2000-11-29;AAFECAAAFFEFFAF;0151 3511121031;no
RLGKY1;5uli625ddh;BWM;Kristina Walters;2002-03-02;AECFCAEAFEAEAEA;0171 4162739405;no
LLZ9P5;8mj2mqwaeh;MERCEDES-BENZ;Boyd Holt;1959-06-28;CEFFEFFFEFCEFAC;0162 7009948728;no
3M7OPW;1gzo0dic5i;AUDI;Richard Garrett;1995-01-23;CEAACAAFFCCACAC;0173 7629370417;no
6QFU5C;y47nbym6hz;LEXUS;Max Montgomery;1979-09-01;ACAEECEEAEFAAFE;0178 3903458874;no
F2CEAB;t8vbty03sg;AUDI;Sherri Diaz;1999-07-20;AEAEFFFCCCAEECE;0175 6911210018;no
KEOMWZ;11yx7fqk9x;JAGUAR;Gerald Porter;1967-07-08;FEECAEFECCCEEAE;0173 9298141112;no
SBD444;7gkwp38s2j;TOYOTA;Pedro Parsons;1989-07-04;FFAEFEFFCACACAA;0151 7302479025;no
YIDL81;xvn8u8aqn6;MAZDA;Darrell Manning;1958-07-17;FCEFEECAFCACCFC;0160 6616995837;no
LDAA1U;zgjjkj2f4e;VOLKSWAGEN;Winifred Cross;1983-03-24;CFAAFCEEFFECEAC;0160 2701634988;no
Y630U8;twy8oz5zn0;JAGUAR;Lillie Aguilar;1987-10-17;AFCFFAAFACFFFFC;0171 5848635999;no
NO5TJE;go9h40xoyq;PORSCHE;Ryan Rice;1953-12-25;EFAFEECFCCAEAEF;0162 2929468426;no
LY5X3R;negtws7l8j;TOYOTA;Theresa Taylor;1957-08-22;AAFFAAEAEFCECEF;0162 5617448692;yes
HKRC8A;8ln7a4c0ta;ASTON MARTIN;Myrtle Brady;1997-06-24;EACCFFCACECACFC;0178 7903627208;no
Q07360;x8xcqi1dhe;TOYOTA;Jennifer Snyder;1954-02-11;EAAFEECFCFAFCFA;0177 2643933263;no
ACIYLT;xpkfgxx0pq;TOYOTA;Vincent Sherman;1992-11-13;AAFFFACECAAFACA;0177 5162050545;no
K64R58;p9mlhxivw5;TESLA;Ross Wolfe;1983-11-05;AEAACFAFACAAACC;0171 5091446549;no
H5ZN9M;ludsx207zj;JAGUAR;Lela Flores;1972-05-06;CCAACECAFCFEAEE;0175 7226601569;no
CVJJ0U;f7o8akfvws;TOYOTA;Janis Vega;1963-03-28;AAEFEAAFCCACCCE;0179 8058445262;no
ZAVDP9;98luyfau2k;HONDA;Tina Hopkins;1974-09-18;FAAFAFACAFCFECA;0177 7554108266;no
90Z7VJ;3zmqrb8nqu;TOYOTA;Clinton Scott;1974-10-06;FCCFFAACEFFEECF;0179 6270997930;no
1RJMVP;l8kj44gif9;MAZDA;Tracy Schneider;1957-12-19;CEFEACAAEACFEEA;0179 9280803157;no
9U9BXJ;62rv5k5m59;TESLA;Frankie Craig;1977-11-23;AEAFEEAFCCFFECE;0170 7756795407;no
WKDO93;yu8ysb9l0u;PORSCHE;Jacob Salazar;1999-07-18;ACCCFCAFAACFAAC;0162 5090118496;no
0AMESK;r09fkgju1s;JAGUAR;Dorothy Horton;1979-02-13;AEAEAEEEFCEACAF;0179 5031876750;no
3KQT1M;vf8fwev1db;MERCEDES-BENZ;Ora Spencer;1999-12-14;AECFAEACEAECAFE;0178 7871187749;no
T1DHIA;u4kxog8hwj;VOLKSWAGEN;Opal Park;1977-01-10;FFFFAEEFAAECCFF;0173 4169335169;no
O1JZQ9;r40bmzh0p6;HONDA;Alexander Rhodes;1978-08-16;CAFEFAEEFCFAFFF;0175 8331281428;no
E30HM5;mlqjz4zyo4;TOYOTA;Jeff Strickland;1978-05-22;EECAACAFCFECAEE;0170 9743438398;no
74KT55;x52m723vdp;LEXUS;Angela Harper;1979-11-27;FCFFCEFECEECEEE;0170 6097101916;no
EP6FIV;iev33yo963;HONDA;Carla Maldonado;1986-11-05;CAFFFCFFEEFEFFA;0175 3767803917;no
3OUQEH;nlz94khrxw;ASTON MARTIN;Eddie Swanson;1983-03-02;AEACEFCAAAAEFAF;0151 3640206589;no
8BM0F7;xvzixof423;TESLA;Vanessa Jordan;1982-05-27;EACECECAEECAAAC;0162 8882319655;no
W4KS1L;00cu3ex21v;VOLKSWAGEN;Stewart Bass;1969-06-28;CAFAFFCACEEEFCF;0175 5978086281;no
MRI3NQ;r8lnhbohj2;TOYOTA;Sherman Vasquez;1967-09-12;CFCCCEAEAAAEFEF;0179 8216439983;no
H2Q69N;5uayrpqyyo;HONDA;Daisy Marsh;2001-06-05;ECCFEAFACACAECE;0160 6095524044;no
SHANTL;y2akdedqmo;TESLA;Olga Brewer;1992-03-29;AEFEECACECAAECE;0162 1558950762;no
Y4MTN8;v7fyiyn81z;AUDI;Rogelio Reyes;1958-11-03;CAFCFCFAFCCACCF;0179 3426042918;no
TWTJBU;wr9lzb71ju;PORSCHE;Dianna Morrison;1957-10-09;EAFFCCAAFFFFFFF;0162 5575310070;no
0M1A6K;9i8xjcegzs;AUDI;Jo Bryan;1980-11-26;CAACAFEEECCCEEF;0151 6279186469;no
O5GZR5;b4fqua5z6m;ASTON MARTIN;Shirley Pena;1962-07-29;CAEAFAEFEAFCCAE;0162 8457800214;no
XI31R3;2gp39bc12g;TESLA;Wendell Barrett;1963-08-29;AEAACFCCCAEEEEE;0173 2478831097;no
7W4YB5;63sq7b5ijv;HONDA;Dana Perry;1954-11-03;EFAEEAFAAFEFCFE;0162 5708733053;no
9A3B9T;4tglpm9ax2;LEXUS;Milton Kelly;1956-11-01;FECFCFFFFFECAAA;0179 5652294201;no
RT6COU;4so9fvkkd1;AUDI;Nathan Greer;1970-07-07;AEEFFCFAEECFAFC;0177 9956533341;no
BDRR2C;fyqczzb3fd;BWM;Laura Jones;1979-10-04;FFCECAACEFCFACF;0177 9890815714;no
IHF6EH;hu4dagihfo;AUDI;Marta Burns;1986-11-16;EEFAECCECAAEFCC;0177 1182568002;no
GPC8XP;bzh32ww53g;ASTON MARTIN;Ann Carter;1972-05-01;CACFFFECAFCCAAA;0173 3900402404;no
HDRZCA;ncc1fsq32c;PORSCHE;Maxine Fisher;1974-03-02;FAEECEEEFEEAAAE;0171 5522810031;no
1Q66R4;trnirx7af4;ASTON MARTIN;Gabriel Colon;1970-08-27;ACCCAFFFFCEFFEE;0160 7202679929;no
AJP0QT;pnc4ph8u45;BWM;Amy Black;1990-01-08;ECFFCACAECCFEFF;0173 9147013977;no
KGH8IR;vanfdw7to2;HONDA;Sherry Tate;1988-01-04;EFCAAECCCEAEACE;0160 2711969267;no
X7NSYD;78bvsdr8ly;VOLKSWAGEN;Winston Cooper;1983-06-04;AFEFAECEEFEAAAF;0173 4729372624;no
7GOSOL;bi0ubnest7;LEXUS;Lloyd Knight;1988-02-18;ECCFCEACCCFECEF;0179 6761934290;no
891YZ8;3vhnte1sag;PORSCHE;Gustavo Hansen;1972-04-02;FAAEECCEFACCAEF;0171 6883162794;no
2PV7WG;3iwz89t7wz;HONDA;Jaime Rodgers;1994-03-15;FCFCCFCACCFEFEA;0160 5324733167;no
6FCM1V;stm35uio2q;HONDA;Steven Weber;1980-10-20;CAFCAECACFAAECC;0175 7972831951;no
VGJ153;e2mvkl8166;VOLKSWAGEN;Pat Fuller;1973-07-19;EFAAEECFCCEAFFA;0171 5500414926;no
AW0O1I;ge92bk7u1r;HONDA;Fernando Robinson;1952-11-22;EEAEAFCFFECCCFA;0178 2985307709;no
EIZCEL;zvv2jel6ac;LEXUS;Cecelia Francis;1976-08-18;CEFAEECFFAFFFCA;0171 1195925288;no
G5TI6B;fadr3q3eh0;HONDA;Jonathon Mcdaniel;1952-01-02;EACFCEEFECCEFCE;0178 1105062431;no
Y1WY86;jvi4yt29r3;JAGUAR;Billy Caldwell;1965-03-26;CEAFAEEAFFFEFEA;0171 6233196365;no
DCAIYP;12mzetmr2u;LEXUS;Lynda Mccormick;1981-12-30;FEAFCAAFCCFCAEA;0170 8474107010;no
FL668T;oxq3wsojf5;TESLA;Sheryl Rios;1989-11-09;EFCCCEEECFAAFAC;0162 1201477361;no
RGL2EK;b0xegk8e5v;LEXUS;Cindy Fernandez;1965-08-05;FCCEEFCCAEAAFFE;0170 7050942335;no
CQF893;mfhvkci24v;VOLKSWAGEN;Bridget Rice;1984-03-24;CACACAECEFCCFAF;0162 3974912284;no
HNFR9Y;aipxqxnaxg;HONDA;Melvin Floyd;1979-10-26;ACEECAACEEECACC;0177 5932715055;no
MVH9XH;m4895o8424;TESLA;Terri Griffith;1982-08-24;ACCFCAECFCCAAAC;0170 6433772580;no
TS3RVA;t5jzqgwwyp;MAZDA;Nick Myers;1979-11-21;AACAEAFCCFCCCCA;0171 4466084267;no
3JL3YV;8mpr38k2yq;MAZDA;Ray Sparks;1962-02-25;FCFECEEAFACAFEF;0173 1475113848;no
5R9QCG;7f1qduyhti;ASTON MARTIN;Allen Patton;1992-11-05;CFCEECCCACAAEEA;0170 9860420194;no
G1QQP1;65jg7dyui4;ASTON MARTIN;Tanya Doyle;1962-06-23;AEAACEEEFCEEACF;0175 8378442909;no
KJMXVE;db2bbdbdx8;LEXUS;Terry Ryan;1989-01-11;AAECCAEFACEEFAE;0151 5145631417;yes
YOTJRL;32972lfwwy;AUDI;Amber Goodwin;1990-09-20;FAFCAEAEEAFACEF;0178 6986854968;no
RDG8FP;s8t74o0grd;HONDA;Darrin Waters;1977-08-30;CEEFFAFAEEFFECE;0170 9868042722;no
6MFIMU;r528b83wza;TOYOTA;Ida Conner;1971-02-08;ACAFAECCCFCCCFC;0175 5208379375;no
6JUPGW;octl6rueyl;JAGUAR;Wendy Hoffman;1991-01-16;FECECCFAAFCFFEE;0177 3263458543;no
EIR295;xkx5j3lqev;JAGUAR;Stacey Dean;1997-11-16;FCEECAAFFACAFEE;0170 9671546747;no
T50PME;mj1mve0boe;HONDA;Ronald Garner;1982-11-07;EFEEAACEFAEFECC;0151 3538847010;no
5H92GU;w94hk46lxh;PORSCHE;Noel Day;1954-07-18;FACAEAEAEEFCCEF;0173 5878341806;no
Z7ME9O;khqne6fio8;TESLA;Donna Reynolds;1956-05-02;CFCEFAACACECEFA;0170 9055363565;no
HQYWLB;z6q4ekdil3;MAZDA;Sandra Campbell;1990-06-30;FAEFECEAAEEEEAA;0162 9175558071;no
66BK5I;4p045jbha3;PORSCHE;Melanie Arnold;1982-02-27;ACECCAFAFEEEEAE;0173 6718445813;no
VTBOB0;r35v5zo2y9;HONDA;Rudolph Boyd;1966-03-08;FAAAEAFCFAFCCCE;0171 6993518707;no
4ZMR1G;4an7m7iais;TESLA;Juana Moss;1967-08-08;FFFFACEAAACFAFF;0177 4384790943;no
G8C9IV;zg0s03qut2;MAZDA;Becky Morton;1998-09-22;FFFFACCFEAAEAFE;0173 7975904375;no
YSCOKM;51a2ss55oh;AUDI;Jody Silva;1964-10-16;EFFCACFACFCEFFC;0170 4691798968;no
W7SNUU;qb6ryuq9om;VOLKSWAGEN;Armando Lee;1961-06-09;ACCFFEAAFEAAFEF;0151 4875939281;no
YQ41QN;43zzy53v83;MAZDA;Shannon Soto;1968-11-02;AFEFCCEEEEFCAAF;0179 4434559945;no
SD8NWW;wr4f712lzb;AUDI;June Pittman;1971-03-12;CECCAAACCEFAEEF;0151 4668429669;no
TLGVMY;h6gqz9663l;PORSCHE;Mathew Parsons;1978-10-26;CEEEFFFAAACFEAE;0160 2560170798;no
52SG7Q;30yjt5p6e2;LEXUS;Maureen Guerrero;1997-06-24;FFACAAFCECCFEEC;0170 3648279567;no
MX7HRJ;b2rxoi9e4z;ASTON MARTIN;Denise Clark;1956-07-07;EAFFEECEAFCFECF;0160 1390687651;no
8PJVFH;9hbnhbc7zj;BWM;Bryan Hines;1972-04-11;CEFCEECFFEAEFEA;0171 9206619157;no
3FKXHF;0kxxbx5gn3;BWM;Naomi Reid;1983-03-27;FAAEAAFEACFCFEF;0177 2982398449;no
CIOW99;zg7wk6r93s;AUDI;Herbert Ray;1978-08-30;FFCACECCFAAECAA;0178 5064372656;no
Q8VD7X;bojmzmr84z;MERCEDES-BENZ;Carol Nichols;1977-01-13;FCCAEFFEEAFAFFF;0160 6197795768;no
W3GDNT;ptbr6f3r75;ASTON MARTIN;Miguel Norman;1998-03-30;ECCCEAAECFEFCEF;0178 1218146364;no
MI13HN;fcd55jkfsa;AUDI;Lena Vasquez;1991-06-09;CFAAAEFFFAECCCA;0178 3750900150;no
EIW6KN;p3qn31j0bv;JAGUAR;Christine Steele;1969-12-10;FFCCCCEFFECFEFA;0177 3297084923;no
2C3JAX;dthv7u9402;HONDA;Beulah Munoz;1971-02-15;AFCCCCEEAECEEAC;0170 5519872877;no
KJ00L0;tr81br3ywy;VOLKSWAGEN;Javier Maldonado;1953-07-27;EACACFEECACCCFF;0170 4207102886;no
Z1QPE3;7ue7dbpkae;BWM;Courtney Marshall;1954-09-25;FECFCAEAEFCCAFA;0171 2040125873;no
HZLWL0;wd0dca57qd;TOYOTA;Pamela Vaughn;1960-11-04;EEFACCAAEAFEFEA;0177 6608957225;no
FPV6Z7;ty46zn875x;PORSCHE;Ellen Snyder;1980-11-25;ACECFEECCCCEFAA;0177 2653379158;no
24XGID;7t8v8h2cwn;BWM;Jaime Bowers;1993-05-22;CCCEFAEEFACCAAF;0151 3114325676;no
TGFXVM;geh5mjcxp8;BWM;Hubert Willis;2000-02-09;AFCAACFEFACCFCA;0178 6310186713;no
Z0V5JF;k5uzsjvh3o;TOYOTA;Greg Austin;1975-03-09;FFFCCCCCFCCCFCC;0175 4408157387;no
57LP0X;3eze7df46g;HONDA;Roosevelt Alvarado;1994-10-02;AFAFECFEAFEFCEA;0173 6960896075;no
PNXKU3;fz0fwsf0na;BWM;Meghan Ortega;1988-12-25;CAAEFCCFCECFCCF;0178 8241728503;no
ZNQOXM;jyoazrbiim;TOYOTA;Elbert Hanson;1997-11-27;CACCAACFAAAAAAA;0173 8336279110;no
000ERI;yyajwgv78p;TESLA;Lynn Garrett;1959-08-12;CCFFCCEEAAAFECC;0178 8323366163;no
5YGQ45;p0dki1xv5t;HONDA;Constance Elliott;2001-01-09;EFCFECCCECECEAF;0171 8522145303;no
7II4SR;quk5vlzdq5;TESLA;Ann Walker;1982-03-03;CEEFAAEEFFFFCCE;0162 6790049445;no
IOT17J;cbii1if5cv;JAGUAR;Irvin Henry;1970-08-14;FAFFFAACEFCAFFE;0177 6353942800;no
JYDKVL;kdhs1x0skf;MERCEDES-BENZ;Andrew Watkins;1970-04-12;EFAEFAACCECCEAC;0170 5704737117;no
JEI7UK;upj1sxbpr8;VOLKSWAGEN;Desiree Harvey;1967-12-20;CECAAACCEFFFEFC;0170 9851240408;no
7WP95T;1l3z6udmsn;LEXUS;Corey Huff;1981-12-05;EEEACFFCAFACFAE;0160 6685616831;no
2OBK24;i8p4pon4ai;BWM;Sherman Farmer;1996-07-20;FAAFEFFECFCAAFA;0160 9780235630;no
R6VXOJ;kiqs6olucf;BWM;Jack Mathis;1993-10-29;AAFEFECFACEECFC;0178 7192154431;no
WY16SV;thxtnjiexq;BWM;Patti Mack;1963-11-18;FCACEAAECFAECCA;0178 6719583366;no
53ZP74;1i2d9auw06;AUDI;Sheldon Cross;1969-01-06;AFAEFCECFFAFCFA;0171 7956786910;no
1GBGG9;fupmcybg2u;BWM;Steve Wallace;1950-12-17;FCAFAACCFACCFFF;0170 7949428034;no
AQJHH7;cbkf9diehn;LEXUS;Brett Bradley;1980-10-20;AFECCAEAAFCCCFC;0170 9398218875;no
ISDAOC;4po9lgw9wk;HONDA;Byron Warren;1979-10-25;CCFAAFCCCFCEFFC;0179 3072545552;no
OEO7HJ;zlypd8lcin;MERCEDES-BENZ;Santiago Foster;1995-09-07;FEEFFCCEFACCCAE;0177 3303090983;no
WKVLO1;lu7xrwf7xo;JAGUAR;Juan Valdez;2002-03-18;EFFAAFACFCCFCEA;0171 4836833322;no
U7QLJN;cfvj1p1owe;ASTON MARTIN;Ira Sanders;1969-11-25;CCAECCFCECEECCF;0173 4806580265;no
IGFZUD;qc10yyzti7;HONDA;Leah Howard;1988-01-23;FCFFFAEFACACCCA;0160 1807610615;no
DHWPMO;v3v3dh16er;MERCEDES-BENZ;Fredrick Hughes;2002-03-19;EECCFAAFEAFACEC;0170 7177947629;no
EFXPL2;pxzvo88y3u;PORSCHE;Arthur Singleton;1960-04-16;FEEEFCACAAAACCF;0173 1431028884;no
QHM1ZW;8a55dc22lv;JAGUAR;Geraldine Burke;1992-08-24;FEFAFCFEEEFACFA;0162 6425451168;no
OMY5SO;zjo2ruuakp;PORSCHE;Forrest Mccoy;1986-07-25;EFFFFCCEAECAAFE;0151 7624629858;no
N9XR74;pqn547nnfm;PORSCHE;Brandi Clarke;1995-05-08;ACECCCACCFFEEFC;0177 6270423724;no
9KPGQY;8jfjig7b4p;PORSCHE;Rudy Cunningham;1951-05-14;ACEAECEEAFACCFF;0162 2042759604;no
B6ZFSJ;k79j3itmb8;BWM;Linda Walton;1974-06-09;AFFECCACAFAEFEA;0178 3434993668;no
WGP6LY;n8iufeonap;LEXUS;Ed Blake;1986-01-31;FFAAFFEECEFECCA;0178 4007279642;no
DZNF4Q;wh4fdbdaru;JAGUAR;Preston Newman;1969-12-02;EEFCFFECCECFCCE;0179 9177718375;no
N56FER;tgeimfiaal;AUDI;Ada Blair;1959-04-22;AFCEFEAACAECEFC;0179 6503987764;no
JXFCVG;gx7icc4epb;VOLKSWAGEN;Marcos Garcia;1950-02-25;ECACFFFFCAAEEEE;0171 3928824135;no
U5GMSK;ejxlqin1g9;MAZDA;Carl Patterson;1978-04-04;ECEFEFCAEFEAAAA;0151 6852465225;no
W04SJO;9ptlye1f9l;MAZDA;Karen Adkins;1997-09-03;FCECCAAACCAEFFC;0173 8012747354;no
PJMMKC;9kzavx1y01;BWM;Megan Paul;1975-04-13;AAAAFCEAEAACACA;0178 6003628890;no
CL357O;1t732a8dmh;HONDA;Neil Lane;1960-05-05;AFFCEAACEFFCECE;0178 4073540678;no
ZB7QCX;h8gds0tujd;AUDI;Morris Nash;1967-05-15;EEAEACEAEFEEFEE;0170 4440624462;no
Y9AGGX;wmupcy1gsq;AUDI;Percy Cannon;1983-12-26;CFAACCCCFEEFEFF;0173 3428882773;no
MWRFUS;weu2hvq1px;TOYOTA;Gustavo Gill;2002-04-12;FCFFCFECAFAFAFC;0177 5798051424;no
IT1DR7;pzhyvxomgq;AUDI;Marsha Delgado;1962-10-11;EEEFEEAAACEAEEA;0175 4335977020;no
CBV3OR;exugcjfqa7;TESLA;Gilbert Palmer;1993-05-14;EFFCCFECFFFACCA;0160 6988937161;no
GSI71E;rnp71p2xln;PORSCHE;Salvatore Joseph;1976-11-14;FECFEACCCFCFEEC;0173 8309576673;no
KQ595P;x2r7l7rgmp;PORSCHE;Darrel Collins;1961-02-13;FCFCCFEEAAECCEF;0175 9904094917;no
BTRFPF;g7l8whr6us;LEXUS;Evelyn Armstrong;1973-09-26;ACAACAFCACCAEAF;0179 5826195034;no
HGQMBS;ne1dxkz83p;TOYOTA;Elsa Rodriguez;1991-03-09;CEAEEECEECCEEEF;0151 5826195034;no
H8SXUD;zcj964htfk;JAGUAR;Margarita Collier;1985-01-14;FECEACFEFFEFFFF;0173 3050287565;no
4WXXNM;50rmmgb4xi;HONDA;Blanche Rogers;2000-10-03;AECCCFECFAFEEEF;0173 5547056415;no
GHJOR5;xqzdm4osxt;TESLA;Lucia Strickland;1982-06-06;ACAAACFCFCCFACF;0175 5482460146;no
ZIPOGA;zeq294cxp7;TOYOTA;Charlotte Patrick;1984-06-02;AAEFAFAEEEFCAFA;0160 3469731918;no
ODRAPX;q4yxk2yn2b;ASTON MARTIN;Geneva Frazier;1968-01-12;EACFEEEACEFCECE;0151 7402917014;no
60WCN0;ws4eywi0dz;AUDI;Evan Park;1973-06-25;CAEFECEFEEEAECE;0171 3881537314;no
EKX03B;2bv8wd6jon;LEXUS;Maurice Flores;1964-10-04;EFCEECECAECEFAE;0178 5593724428;no
4ZOMAW;9y8bydnax1;ASTON MARTIN;Ashley Pierce;1958-08-17;CACFACCECACFFEE;0162 1754620883;no
FC4G8J;7aaam2378j;TOYOTA;Frances Robertson;1951-03-15;CECAAEAFFFFFCEA;0179 7880200868;no
E76AD0;3m7hofrw2d;TESLA;Juanita Carson;1996-06-15;AFFECCEAFEAFAEA;0170 5118172818;no
IRK0OQ;503wbjcxem;TESLA;Danielle Vega;1989-10-12;EFEAFCCACCCAEFF;0160 6296908955;no
09NPYD;ycmqopmd7s;TOYOTA;Holly Graves;2000-07-28;ECFAFCFAACACAEE;0151 3417980303;no
ZA8SOI;t7zwgty0v7;PORSCHE;Sidney Rodgers;1960-02-24;CFFCEEEAFAFCAEE;0173 6966842756;no
WDLN45;ehelvn6jhq;PORSCHE;Karl Walton;1955-04-22;FCFCAECCECEEACC;0170 2024934367;no
RIYVIV;bo56r8l4eu;TESLA;Corey Lawrence;2002-11-24;EECCFAECAEEAEAC;0170 1235848385;no
KA2XOM;mckqo5zra0;MAZDA;Rick Glover;2002-05-21;CAAEEAAEAFEAFEA;0177 2348083970;no
4SKCYK;2ijqfm0z6g;TOYOTA;Agnes Norris;1975-06-16;FAFEAAEEEACFACC;0162 5051009180;no
Q0AWQO;cgjvjtiatl;HONDA;Eleanor Bailey;1985-04-16;AAAFEFFCFCAFEAC;0178 4645300847;no
1DXK1R;o0ky2klp53;AUDI;Archie Sanchez;1977-11-28;FAEAEFEFAFACFEC;0151 5000435141;no
1MCK8H;wrhja07z11;HONDA;Pablo Andrews;1964-01-12;CFFCEEFEFFCCEAA;0175 1246133983;no
ZJDOW0;inyakx9l1b;MERCEDES-BENZ;Julia Dunn;1953-02-01;FAFFFAAEEACEACC;0179 2123401591;no
DLS5BT;ef0jmsu6ay;VOLKSWAGEN;Terrence Hicks;1951-03-28;ECFECFACCAAEFFA;0170 7296746937;no
EM5AYL;ijs9j0rlz4;ASTON MARTIN;Orville Wagner;1960-03-10;ACAFFFCCCFFFEAE;0175 1337153463;no
3B4FFO;lqth6x4zwx;JAGUAR;Sherri Stewart;1958-01-29;FCAAAEAFCFAAFFE;0170 9545701544;no
2LHBSP;d70xvw8tv9;MAZDA;Darren Blair;1989-11-29;CFFAFFCCFACECAA;0151 8717344315;no
D94O0V;j8avp7x1tt;MAZDA;Conrad Nguyen;1961-04-25;AAAAFAEAAFEFCFF;0160 2833616867;no
6Z9Q6Q;ifnvqd9ypt;ASTON MARTIN;Bryan Frank;1981-08-03;AAFEEECAAECEFCE;0179 6787764317;no
IWXL3Z;77ciuazw0p;TESLA;Jamie Morris;1976-08-03;FCAAEEEFAFCFFAA;0162 9123464040;no
STKOHZ;hzs5r8bx14;VOLKSWAGEN;Sheri Lee;1998-04-13;FCAFEAFCAFFACFF;0178 9924208012;no
SHG2YU;vd20gqf8n2;BWM;Stuart White;1966-04-10;CAEAFCAACFAAFFC;0175 5583938133;no
SXZ2D5;qrgnapc2ru;LEXUS;Geneva Ward;1975-11-18;ACCCFECFAACAFFF;0175 6887111319;no
EWJBI5;3huc9qy9rj;JAGUAR;Marvin Thomas;2002-05-28;FEEFFEECFAECEEC;0179 4186416426;no
FWISO2;m4ztanojmq;MAZDA;Phyllis Collins;1964-03-05;CAFAAECCAFAEEFC;0151 5165527119;no
E1DBTV;je2tia9z2s;VOLKSWAGEN;Gertrude Robinson;1986-03-25;CAFFECEEEAECCAC;0175 3032872135;no
DEMJX6;e68azpk5zs;MAZDA;Leo Bennett;1964-01-14;EAEEEEECFCECCFF;0178 6227809051;no
IJQOUC;v5zp2xowr6;AUDI;Randal Page;1964-01-04;ACCCAEFEEAAEAAF;0178 4122685435;no
GAJQ5W;4l6ypuyvo0;MERCEDES-BENZ;Ralph Meyer;1975-10-15;CEFAEACFCCAAFFA;0173 7425648572;no
IZ4D3Q;8ilws1ap9s;LEXUS;Pedro Harvey;1955-07-23;EEAFAAECAEFEAEC;0151 8757839862;no
F0T4BO;0n1a94qoah;HONDA;Opal Briggs;1979-11-01;FAAACFEACFFCACC;0175 1688492606;no
BL18YI;ohz1qrysql;BWM;Marcus Ball;1956-02-03;AAAACFECFFCEEEA;0171 1870084111;no
OBAOEH;ef4yzw0i0v;VOLKSWAGEN;Nicolas Todd;1981-05-01;EEEEFACFEACAECF;0179 7078779403;no
DWVGKE;ou7007ai80;AUDI;Yvonne Spencer;1962-09-13;CCACAEEAAAAFFAF;0175 7596760186;no
WGS2MU;jlv3dtzy9p;TOYOTA;Eileen Garcia;2000-04-25;EACAEECECFFEFCC;0171 1642362868;no
W99MTT;6qc6rauqog;TOYOTA;Kurt Rhodes;1957-02-04;ECEACCFAECCCCAE;0160 8079430400;no
7TQQEC;x265mxnkx9;LEXUS;Ruben Soto;1950-10-17;EFFEFEFAFAAFCEC;0178 5190129317;no
0AI5GF;jr64mu3407;HONDA;Monique Neal;1974-07-19;CEFCEEEEFAAAFCF;0177 4257728087;no
NTM5EM;xsd8b7intu;ASTON MARTIN;Robert Simpson;1982-01-18;ECCFFFAEAAAAAAA;0177 4972911309;no
C8RIZA;5qzw4c2zmw;VOLKSWAGEN;Bonnie Manning;1984-04-20;EAAEECCCCFCCFFA;0151 6163029115;no
RF9BME;qg972959f5;VOLKSWAGEN;Catherine Malone;1959-12-27;EACEECFEFCAFAEE;0177 6290080601;no
4NLJ0T;ybyhevumoo;JAGUAR;Claudia Adkins;1977-09-03;ACAEEFECFFCAEEA;0160 7923198911;no
L5E7A8;ha2xtathah;JAGUAR;Kim Barrett;1979-03-24;AAEFECCEEEEFFFC;0179 2666960271;no
QT5BPH;v858rp14ge;HONDA;Luther Rose;1982-11-18;FCAECAEFFECCAAA;0170 2998867275;no
03CKLD;nkoovo80hf;HONDA;Randolph Day;1971-05-27;ACCAEFEFEEAAACA;0179 8201524381;no
0EER6M;n181z2kkce;BWM;Julius Hall;1981-02-22;CACEAEACFCFEAEF;0175 2014182032;no
3KGP3H;irzazt7oxz;TOYOTA;Marie Robertson;1993-08-27;FEFAECEFEAFCEEA;0170 7658268736;no
38OOKJ;tothzmrtfz;PORSCHE;Shaun Kelley;1950-05-20;CCFEEECACFCEEFC;0162 3969957557;no
41UD9W;r7oa0lofph;ASTON MARTIN;Jeremy Parker;1961-06-22;ECEFFCCECFAAEAA;0175 1952409972;no
5VOKJQ;dsqx0eo5e3;TOYOTA;Rodney Burgess;1953-01-20;CCFCCAAFCFCEFEE;0177 1665844562;no
N2678A;v4ezwqbbtn;LEXUS;Ellen Craig;1982-03-18;EAFFFEFAFCEEEAF;0173 7463904023;no
VXDWL3;g11khuwqt8;TOYOTA;Lewis Rogers;1999-02-02;CCCEAECAFCCEAFE;0173 3616245727;no
AP5WWB;cjew040jgc;JAGUAR;Viola Stanley;1966-07-05;FAAACEFCEEAFCFE;0171 9824127612;no
6DFDA1;puv9qsqwbe;PORSCHE;Alice Gutierrez;1985-10-15;ACAAFEAEFFFCACA;0162 8679213283;no
W6UG8C;j701i6gjh6;TESLA;Anthony Welch;1968-12-03;ECEEFEFFFACAFFF;0177 9790426338;no
WP4UUW;ghk1gbgs8t;ASTON MARTIN;Shawn King;1963-02-07;EFFCAAAACCAFFFC;0179 2386218858;no
8NEXDV;6l342rzthy;MERCEDES-BENZ;Melissa Hernandez;1994-07-04;FFEAAAAFAAAEEEA;0173 4169725885;no
82MUST;p699bp1y3d;AUDI;Terry Morton;1959-07-16;CFACACCCECAFEFC;0151 3680024173;no
64KXVN;k2ccu8du57;JAGUAR;Emanuel Kelly;1958-08-05;FFECFECAFAEAFCE;0160 3730876590;no
E7SZ2F;w923ag7cyq;MAZDA;Derek Lindsey;1970-09-16;AFFAFAAAFACFFEC;0160 6671720286;no
93ACVC;cdfhto20en;ASTON MARTIN;Yvette Murphy;1977-02-09;AECCECAEFCEEFCA;0173 9245661158;no
VOR5B4;jvo8i1e74y;VOLKSWAGEN;Jan Potter;1951-10-10;AEEAFFACFEAFFEE;0179 9646813478;no
OI0O2E;v8i8t0j3bq;AUDI;Deborah Gonzales;1952-10-27;CEACFFCCAEAFCAF;0160 7776561741;no
AIHRVV;7ks8s5zw2q;MAZDA;Mildred Anderson;1999-05-11;AEEECAAAAFFCCFE;0178 3429269582;no
E3JZZ5;foqtv4dvyl;JAGUAR;Madeline Clayton;1952-05-20;CCFCFEAEEAFCEFE;0160 2795028481;no
YGS4TF;ufgurq20kx;TOYOTA;Mark Parks;1965-05-06;FCCCAAECAAEACCF;0179 8662214653;no
99AR0Z;qt3p32puvt;VOLKSWAGEN;Seth Guzman;1987-11-27;AFCFCFCFCECAFFE;0170 6583057830;no
ENYBIH;3nj6z4wkdm;VOLKSWAGEN;Jill Guerrero;1984-07-08;FEAEACCCCEFACEE;0151 8279000156;no
KVEXQZ;vc4jhwgyye;JAGUAR;Gayle Hunt;1969-03-24;FAEFFFCECFCFFEE;0179 9212517414;no
660WMT;6z5jk95ns0;TOYOTA;Lynne Underwood;1968-01-19;FAACAFCCFCCECAC;0178 2329186621;no
JALHLN;4yeoqu1j0x;TESLA;Hope Drake;1989-11-12;EEEECEEACEAFECA;0170 8345771679;no
NTE6DW;3n3nknsro9;TESLA;Francis Lloyd;1990-09-28;CAAAEECFFACCFCC;0170 9868125326;no
OI8HTG;7bankaooyb;HONDA;Nichole Moran;1961-08-03;ACCEACECFFCEEEA;0173 4751171350;no
6VOSU0;6i7zbwjqd9;JAGUAR;Jeannette Harrington;1962-05-08;FFFFFFECFEECACE;0160 1905204216;no
FV9O35;umefhrp8vz;LEXUS;Erika French;1962-04-06;ACACCCAECFCECCF;0179 7959698239;no
VH7LIA;ozwxobomc1;MERCEDES-BENZ;Clifton Young;1990-01-28;CCCCECECCEFEEFA;0177 5951828867;no
AJ7D56;hxhtn9sbyq;VOLKSWAGEN;Dominic Herrera;1990-09-23;FAEEFECCFFCFCEF;0171 6828398264;no
YF4GWI;jt9mr3s68o;LEXUS;Perry Caldwell;1957-11-27;FEAFEEACFACFCFA;0179 3030316319;no
GEM2T1;xlfiohu87w;VOLKSWAGEN;Vivian Ellis;1972-11-01;ACFECAAAFEEEEEF;0178 2186587337;no
LL2CYQ;93j4n77ou0;PORSCHE;Marsha Hughes;1959-08-13;FFFCACCFFEEFCEF;0170 9620468166;no
AW5X5C;42kma7r6ev;TOYOTA;Genevieve Mcgee;2002-05-10;CEFAFEECFACFFAA;0171 5874300664;no
4QSINW;ultppxl5ve;HONDA;Brittany Fields;2000-11-29;FAAACCECECAEFFE;0175 2721824301;no
H8DM1Z;unkmporxfm;MAZDA;Brandy Barton;1988-01-31;CFAFAFAEECFFFAE;0177 7572512297;no
NH8WL7;fpbadmgcns;TOYOTA;Doreen Tran;1983-01-02;FACFEEEEFCCFEFF;0171 4843926594;no
OO30H1;nwq0g1swq2;TESLA;Tanya Burns;1968-10-25;FFEFCAACCEFAFFF;0178 1614764607;no
1ZNPI0;kzxqkyvp9n;PORSCHE;Abraham Harmon;1972-07-29;ECECAFFFEEEFFAF;0151 9529277355;no
TJIN89;hrnls6eprj;ASTON MARTIN;Maxine Estrada;1978-08-25;AEAFEEAFFFFAAEE;0151 4568758266;no
WCRXE6;jop52wuhkp;LEXUS;Alberto Hubbard;1971-09-05;AAFFAAAFCCAECCE;0170 5080850361;no
CUXMAN;xbcmyba1mc;MAZDA;Lola Horton;1983-04-29;ACEAECAAAAACAAA;0160 4898719015;no
232AVA;br308d4n26;LEXUS;Charlene Moreno;1977-05-09;FCFFEECEEAAAECC;0179 8734830979;no
044QK4;jkr2e7s5k1;VOLKSWAGEN;Guadalupe Chapman;1982-02-14;ACEECAAFCECCEFC;0151 4608839664;no
3ZPFXK;udno9uq59h;PORSCHE;Carole Walters;1987-08-13;CAEACFCCFFAECCE;0173 1984636898;no
4NY8UW;u637xwo8ac;TOYOTA;Anna Butler;1958-08-17;FEFEEAFFCFEFCCE;0177 3852826744;no
QONTQW;vkp0tnjaiu;TOYOTA;Michelle Schultz;1955-08-21;FACEEFCAFACFCEF;0171 9801295517;no
QEZTS8;r2f2liec2l;TESLA;Deanna Klein;1989-09-14;ACFAFEFFCCCAAAC;0162 5978629858;no
U8Y58N;15evjy1ok9;PORSCHE;Leroy Hampton;1950-06-08;CFCFAAEEFFEEFFE;0177 3934145230;no
MR29ES;h7kaajgtue;MAZDA;Freda Hardy;1984-08-05;EEEAECCCFCCEAEA;0171 6899908130;no
ZTGW0U;f4z747s8bq;TOYOTA;Caleb Taylor;1967-09-02;CEAAECFAEACEAFF;0170 8243499444;no
B3YAON;nd3mzg5b3e;AUDI;Ervin Clarke;1969-02-11;CFACEFFEFCCFFEE;0178 2480627108;no
W12R3B;xj9ifnbe50;PORSCHE;Carlton Farmer;1976-09-24;AAACFFAEAFCCEAE;0178 4688183525;no
53C5GU;ixc24k3836;HONDA;Courtney Wright;1964-12-26;CAEEAEEAAECFAFC;0171 5490187178;no
FB6QMR;kinrupfffx;HONDA;Julie Park;1976-04-14;EACECEEFCAACEEA;0162 8039198635;no